Manifold,Volume,Homology_Rank,Torsion_Order_Proxy,Lambda_c
"m003(0,0)",2.029883212819308,2,1.0,2.029883212819308
"m004(0,0)",2.029883212819307,1,1.0,2.029883212819307
"m006(0,0)",2.5689706009367086,2,1.0,2.5689706009367086
"m007(0,0)",2.5689706009367086,2,1.0,2.5689706009367086
"m009(0,0)",2.6667447834490603,2,1.0,2.6667447834490603
"m010(0,0)",2.66674478344906,2,1.0,2.66674478344906
"m011(0,0)",2.7818339123960802,1,1.0,2.7818339123960802
"m015(0,0)",2.8281220883307827,1,1.0,2.8281220883307827
"m016(0,0)",2.828122088330783,1,1.0,2.828122088330783
"m017(0,0)",2.828122088330784,2,1.0,2.828122088330784
"m019(0,0)",2.9441064866766964,1,1.0,2.9441064866766964
"m022(0,0)",2.989120282929486,2,1.0,2.989120282929486
"m023(0,0)",2.989120282929485,2,1.0,2.989120282929485
"m026(0,0)",3.059338057778955,1,1.0,3.059338057778955
"m027(0,0)",3.121334773012293,1,1.0,3.121334773012293
"m029(0,0)",3.148509826440727,2,1.0,3.148509826440727
"m030(0,0)",3.1485098264407276,2,1.0,3.1485098264407276
"m032(0,0)",3.1639632288831425,1,1.0,3.1639632288831425
"m033(0,0)",3.1639632288831434,2,1.0,3.1639632288831434
"m034(0,0)",3.166333321249626,1,1.0,3.166333321249626
"m035(0,0)",3.177293278600326,2,1.0,3.177293278600326
"m036(0,0)",3.1772932786003256,2,1.0,3.1772932786003256
"m037(0,0)",3.177293278600326,2,1.0,3.177293278600326
"m038(0,0)",3.1772932786003256,1,1.0,3.1772932786003256
"m039(0,0)",3.1772932786003247,2,1.0,3.1772932786003247
"m040(0,0)",3.177293278600325,2,1.0,3.177293278600325
"m043(0,0)",3.252908048471646,2,1.0,3.252908048471646
"m044(0,0)",3.2756765600243773,1,1.0,3.2756765600243773
"m045(0,0)",3.2758716439439324,2,1.0,3.2758716439439324
"m046(0,0)",3.2758716439439337,2,1.0,3.2758716439439337
"m047(0,0)",3.277062185133985,1,1.0,3.277062185133985
"m049(0,0)",3.300217628535391,1,1.0,3.300217628535391
"m052(0,0)",3.3082415547304196,1,1.0,3.3082415547304196
"m053(0,0)",3.331744231641115,1,1.0,3.331744231641115
"m054(0,0)",3.3317442316411134,2,1.0,3.3317442316411134
"m055(0,0)",3.337191720007033,1,1.0,3.337191720007033
"m058(0,0)",3.3566928451414197,2,1.0,3.3566928451414197
"m059(0,0)",3.3566928451414166,2,1.0,3.3566928451414166
"m060(0,0)",3.3620932044270484,1,1.0,3.3620932044270484
"m061(0,0)",3.366729420470357,2,1.0,3.366729420470357
"m062(0,0)",3.3667294204703584,2,1.0,3.3667294204703584
"m064(0,0)",3.380505399201612,1,1.0,3.380505399201612
"m066(0,0)",3.3945405170616625,2,1.0,3.3945405170616625
"m067(0,0)",3.3945405170616616,2,1.0,3.3945405170616616
"m069(0,0)",3.402991251166455,1,1.0,3.402991251166455
"m070(0,0)",3.4029912511664557,1,1.0,3.4029912511664557
"m071(0,0)",3.41791483723752,1,1.0,3.41791483723752
"m072(0,0)",3.424503508770969,1,1.0,3.424503508770969
"m073(0,0)",3.4272052462740152,2,1.0,3.4272052462740152
"m074(0,0)",3.427205246274017,1,1.0,3.427205246274017
"m076(0,0)",3.439592889348776,2,1.0,3.439592889348776
"m077(0,0)",3.439592889348777,2,1.0,3.439592889348777
"m078(0,0)",3.460675847481775,1,1.0,3.460675847481775
"m079(0,0)",3.4636885561527686,2,1.0,3.4636885561527686
"m080(0,0)",3.4636885561527677,2,1.0,3.4636885561527677
"m081(0,0)",3.464408817289579,1,1.0,3.464408817289579
"m082(0,0)",3.474247761312742,1,1.0,3.474247761312742
"m083(0,0)",3.4744027755531057,1,1.0,3.4744027755531057
"m084(0,0)",3.4761739892389865,2,1.0,3.4761739892389865
"m085(0,0)",3.4761739892389847,2,1.0,3.4761739892389847
"m087(0,0)",3.48197089607299,1,1.0,3.48197089607299
"m089(0,0)",3.483898578332448,2,1.0,3.483898578332448
"m090(0,0)",3.4838985783324468,2,1.0,3.4838985783324468
"m093(0,0)",3.4866601462950433,2,1.0,3.4866601462950433
"m094(0,0)",3.4866601462950437,1,1.0,3.4866601462950437
"m095(0,0)",3.4898701680278412,1,1.0,3.4898701680278412
"m096(0,0)",3.4971332877818173,1,1.0,3.4971332877818173
"m098(0,0)",3.5089171870766465,2,1.0,3.5089171870766465
"m099(0,0)",3.514082912503539,1,1.0,3.514082912503539
"m100(0,0)",3.5142520583769032,1,1.0,3.5142520583769032
"m102(0,0)",3.5264488314556486,1,1.0,3.5264488314556486
"m103(0,0)",3.5285094967375166,1,1.0,3.5285094967375166
"m104(0,0)",3.5302596474914143,2,1.0,3.5302596474914143
"m105(0,0)",3.530259647491416,2,1.0,3.530259647491416
"m106(0,0)",3.5309536425003203,1,1.0,3.5309536425003203
"m108(0,0)",3.531328329871567,1,1.0,3.531328329871567
"m110(0,0)",3.5423950183789192,2,1.0,3.5423950183789192
"m111(0,0)",3.542395018378917,2,1.0,3.542395018378917
"m112(0,0)",3.551403873986987,1,1.0,3.551403873986987
"m113(0,0)",3.553879655100336,1,1.0,3.553879655100336
"m115(0,0)",3.5817073255683654,1,1.0,3.5817073255683654
"m116(0,0)",3.5899014607537394,1,1.0,3.5899014607537394
"m117(0,0)",3.60388504339003,1,1.0,3.60388504339003
"m118(0,0)",3.608689061770785,1,1.0,3.608689061770785
"m119(0,0)",3.6086890617707854,1,1.0,3.6086890617707854
"m120(0,0)",3.6455782961596244,1,1.0,3.6455782961596244
"m121(0,0)",3.6486886444058233,1,1.0,3.6486886444058233
"m122(0,0)",3.653245740564553,2,1.0,3.653245740564553
"m123(0,0)",3.6532457405645538,1,1.0,3.6532457405645538
"m125(0,0)(0,0)",3.6638623767088747,2,1.0,3.6638623767088747
"m129(0,0)(0,0)",3.663862376708876,2,1.0,3.663862376708876
"m130(0,0)",3.663862376708876,2,1.0,3.663862376708876
"m135(0,0)",3.663862376708876,3,1.0,3.663862376708876
"m136(0,0)",3.6638623767088765,3,1.0,3.6638623767088765
"m137(0,0)",3.663862376708875,1,1.0,3.663862376708875
"m139(0,0)",3.6638623767088765,2,1.0,3.6638623767088765
"m140(0,0)",3.6638623767088756,2,1.0,3.6638623767088756
"m141(0,0)",3.6756456059498697,2,1.0,3.6756456059498697
"m142(0,0)",3.714685211968014,1,1.0,3.714685211968014
"m143(0,0)",3.719977654342578,1,1.0,3.719977654342578
"m144(0,0)",3.7202985563392494,1,1.0,3.7202985563392494
"m145(0,0)",3.7506106743987546,1,1.0,3.7506106743987546
"m146(0,0)",3.7588449482372837,2,1.0,3.7588449482372837
"m147(0,0)",3.7588449482372845,2,1.0,3.7588449482372845
"m148(0,0)",3.758844948237284,2,1.0,3.758844948237284
"m149(0,0)",3.758844948237284,2,1.0,3.758844948237284
"m150(0,0)",3.75987507530239,2,1.0,3.75987507530239
"m151(0,0)",3.7748248708290033,1,1.0,3.7748248708290033
"m154(0,0)",3.784891416552061,1,1.0,3.784891416552061
"m155(0,0)",3.791127715974131,1,1.0,3.791127715974131
"m157(0,0)",3.80190876417937,1,1.0,3.80190876417937
"m159(0,0)",3.8216875861799777,2,1.0,3.8216875861799777
"m160(0,0)",3.821687586179978,2,1.0,3.821687586179978
"m161(0,0)",3.821687586179976,2,1.0,3.821687586179976
"m162(0,0)",3.8240462358449356,1,1.0,3.8240462358449356
"m163(0,0)",3.82856945835394,1,1.0,3.82856945835394
"m164(0,0)",3.8285694583539387,1,1.0,3.8285694583539387
"m165(0,0)",3.8405838601937523,1,1.0,3.8405838601937523
"m166(0,0)",3.840583860193751,1,1.0,3.840583860193751
"m167(0,0)",3.8461746634686587,1,1.0,3.8461746634686587
"m168(0,0)",3.853455901405063,2,1.0,3.853455901405063
"m169(0,0)",3.8573361277572698,2,1.0,3.8573361277572698
"m170(0,0)",3.857864734341298,1,1.0,3.857864734341298
"m171(0,0)",3.8807683977112917,1,1.0,3.8807683977112917
"m172(0,0)",3.885271343008248,2,1.0,3.885271343008248
"m173(0,0)",3.8852713430082484,1,1.0,3.8852713430082484
"m175(0,0)",3.8932086069978795,1,1.0,3.8932086069978795
"m178(0,0)",3.925475315568929,1,1.0,3.925475315568929
"m179(0,0)",3.9254753155689275,2,1.0,3.9254753155689275
"m180(0,0)",3.925917342856709,1,1.0,3.925917342856709
"m181(0,0)",3.9271992400137488,2,1.0,3.9271992400137488
"m182(0,0)",3.9394963740088627,1,1.0,3.9394963740088627
"m183(0,0)",3.9508185403983638,1,1.0,3.9508185403983638
"m184(0,0)",3.9513848874626714,2,1.0,3.9513848874626714
"m185(0,0)",3.9542298166756678,1,1.0,3.9542298166756678
"m186(0,0)",3.9638021656299185,2,1.0,3.9638021656299185
"m188(0,0)",3.9702896238906566,2,1.0,3.9702896238906566
"s000(0,0)",3.2969024143266386,2,1.0,3.2969024143266386
"s001(0,0)",3.296902414326638,2,1.0,3.296902414326638
"s002(0,0)",3.3945566866952825,1,1.0,3.3945566866952825
"s003(0,0)",3.4046589625013794,1,1.0,3.4046589625013794
"s004(0,0)",3.46012893325029,2,1.0,3.46012893325029
"s005(0,0)",3.460128933250286,2,1.0,3.460128933250286
"s006(0,0)",3.4712878827799742,2,1.0,3.4712878827799742
"s007(0,0)",3.4712878827799756,2,1.0,3.4712878827799756
"s008(0,0)",3.493881599710237,2,1.0,3.493881599710237
"s009(0,0)",3.493881599710238,2,1.0,3.493881599710238
"s010(0,0)",3.4999229300529167,1,1.0,3.4999229300529167
"s011(0,0)",3.502349676519155,1,1.0,3.502349676519155
"s012(0,0)",3.517760728542612,2,1.0,3.517760728542612
"s013(0,0)",3.517760728542612,2,1.0,3.517760728542612
"s014(0,0)",3.517760728542613,2,1.0,3.517760728542613
"s015(0,0)",3.517760728542614,2,1.0,3.517760728542614
"s016(0,0)",3.526195990735376,1,1.0,3.526195990735376
"s017(0,0)",3.526195990735376,2,1.0,3.526195990735376
"s018(0,0)",3.537608784551926,2,1.0,3.537608784551926
"s019(0,0)",3.53760878455192,2,1.0,3.53760878455192
"s020(0,0)",3.546843097063605,1,1.0,3.546843097063605
"s021(0,0)",3.5493643483994317,2,1.0,3.5493643483994317
"s022(0,0)",3.553819918512045,2,1.0,3.553819918512045
"s023(0,0)",3.553819918512042,1,1.0,3.553819918512042
"s024(0,0)",3.556390252569003,2,1.0,3.556390252569003
"s025(0,0)",3.5563902525690008,2,1.0,3.5563902525690008
"s026(0,0)",3.560748498353307,1,1.0,3.560748498353307
"s027(0,0)",3.563333662902656,1,1.0,3.563333662902656
"s028(0,0)",3.5658451403553375,2,1.0,3.5658451403553375
"s029(0,0)",3.5658451403553393,2,1.0,3.5658451403553393
"s030(0,0)",3.5680879527700196,2,1.0,3.5680879527700196
"s031(0,0)",3.5680879527700196,2,1.0,3.5680879527700196
"s032(0,0)",3.569593344658844,1,1.0,3.569593344658844
"s033(0,0)",3.5710786369939957,2,1.0,3.5710786369939957
"s034(0,0)",3.5710786369939944,2,1.0,3.5710786369939944
"s035(0,0)",3.571564489421191,1,1.0,3.571564489421191
"s036(0,0)",3.572505745544323,1,1.0,3.572505745544323
"s037(0,0)",3.5743676729766993,1,1.0,3.5743676729766993
"s038(0,0)",3.5746848911479474,2,1.0,3.5746848911479474
"s039(0,0)",3.574684891147949,2,1.0,3.574684891147949
"s040(0,0)",3.5824485128778907,2,1.0,3.5824485128778907
"s041(0,0)",3.582448512877889,2,1.0,3.582448512877889
"s042(0,0)",3.587386785775482,1,1.0,3.587386785775482
"s043(0,0)",3.5874300679638913,1,1.0,3.5874300679638913
"s044(0,0)",3.5880890205040714,2,1.0,3.5880890205040714
"s045(0,0)",3.5886752437663962,2,1.0,3.5886752437663962
"s046(0,0)",3.589715239710153,2,1.0,3.589715239710153
"s047(0,0)",3.5897152397101526,2,1.0,3.5897152397101526
"s048(0,0)",3.5900899640413706,2,1.0,3.5900899640413706
"s049(0,0)",3.5900899640413666,2,1.0,3.5900899640413666
"s050(0,0)",3.5912134635715676,1,1.0,3.5912134635715676
"s051(0,0)",3.592325182487256,2,1.0,3.592325182487256
"s052(0,0)",3.5923251824872535,2,1.0,3.5923251824872535
"s053(0,0)",3.5924859683181976,1,1.0,3.5924859683181976
"s054(0,0)",3.5937641970880714,2,1.0,3.5937641970880714
"s055(0,0)",3.5937641970880714,2,1.0,3.5937641970880714
"s056(0,0)",3.5968822449320696,2,1.0,3.5968822449320696
"s057(0,0)",3.5968822449320696,2,1.0,3.5968822449320696
"s058(0,0)",3.597126148615751,1,1.0,3.597126148615751
"s059(0,0)",3.597843296290922,1,1.0,3.597843296290922
"s060(0,0)",3.6013046974122034,2,1.0,3.6013046974122034
"s061(0,0)",3.601304697412209,2,1.0,3.601304697412209
"s062(0,0)",3.6050291825109446,1,1.0,3.6050291825109446
"s063(0,0)",3.605387507249975,2,1.0,3.605387507249975
"s064(0,0)",3.6055358996574136,2,1.0,3.6055358996574136
"s065(0,0)",3.605535899657413,2,1.0,3.605535899657413
"s066(0,0)",3.6058821118001125,1,1.0,3.6058821118001125
"s067(0,0)",3.6060419991663437,1,1.0,3.6060419991663437
"s068(0,0)",3.6102068814877146,1,1.0,3.6102068814877146
"s069(0,0)",3.6106298729666073,2,1.0,3.6106298729666073
"s070(0,0)",3.6113336738530024,2,1.0,3.6113336738530024
"s071(0,0)",3.6113336738530033,2,1.0,3.6113336738530033
"s072(0,0)",3.612383987822164,1,1.0,3.612383987822164
"s073(0,0)",3.612674238432162,1,1.0,3.612674238432162
"s074(0,0)",3.6129491278280517,1,1.0,3.6129491278280517
"s075(0,0)",3.6133169049645693,1,1.0,3.6133169049645693
"s076(0,0)",3.6172515338333,2,1.0,3.6172515338333
"s077(0,0)",3.6172515338333002,2,1.0,3.6172515338333002
"s078(0,0)",3.6212765538078524,1,1.0,3.6212765538078524
"s079(0,0)",3.6216404644259623,1,1.0,3.6216404644259623
"s080(0,0)",3.630237969760602,2,1.0,3.630237969760602
"s081(0,0)",3.7778112018456715,1,1.0,3.7778112018456715
"s082(0,0)",3.784261294450394,1,1.0,3.784261294450394
"s083(0,0)",3.784261294450394,1,1.0,3.784261294450394
"s084(0,0)",3.821357269836041,1,1.0,3.821357269836041
"s085(0,0)",3.8306625054808334,1,1.0,3.8306625054808334
"s086(0,0)",3.839040722360584,1,1.0,3.839040722360584
"s087(0,0)",3.8696284204680014,1,1.0,3.8696284204680014
"s088(0,0)",3.8715130832556888,1,1.0,3.8715130832556888
"s089(0,0)",3.8804385231128706,1,1.0,3.8804385231128706
"s090(0,0)",3.8904995764033616,1,1.0,3.8904995764033616
"s091(0,0)",3.919602160960642,1,1.0,3.919602160960642
"s092(0,0)",3.9196021609606415,1,1.0,3.9196021609606415
"s093(0,0)",3.920213363415966,1,1.0,3.920213363415966
"s094(0,0)",3.932204714202828,1,1.0,3.932204714202828
"s095(0,0)",3.932204714202827,1,1.0,3.932204714202827
"s096(0,0)",3.9344468302127256,1,1.0,3.9344468302127256
"s097(0,0)",3.9353146616692696,1,1.0,3.9353146616692696
"s098(0,0)",3.947524877292028,1,1.0,3.947524877292028
"s099(0,0)",3.9508453682680553,2,1.0,3.9508453682680553
"s100(0,0)",3.951567874112753,1,1.0,3.951567874112753
"s101(0,0)",3.951567874112752,1,1.0,3.951567874112752
"s102(0,0)",3.955218554749547,1,1.0,3.955218554749547
"s103(0,0)",3.9604056337733415,1,1.0,3.9604056337733415
"s104(0,0)",3.967851728555906,1,1.0,3.967851728555906
"s105(0,0)",3.9678517285559067,1,1.0,3.9678517285559067
"s106(0,0)",3.9716492820979044,1,1.0,3.9716492820979044
"s107(0,0)",3.971649282097903,1,1.0,3.971649282097903
"s108(0,0)",3.974796302510307,1,1.0,3.974796302510307
"s109(0,0)",3.9751767171346413,2,1.0,3.9751767171346413
"s110(0,0)",3.9811086175076946,1,1.0,3.9811086175076946
"s111(0,0)",3.9813435783390863,1,1.0,3.9813435783390863
"s112(0,0)",3.9813435783390863,1,1.0,3.9813435783390863
"s113(0,0)",3.9935045462585794,1,1.0,3.9935045462585794
"s114(0,0)",3.9935045462585776,1,1.0,3.9935045462585776
"v0000(0,0)",3.3775974082314417,2,1.0,3.3775974082314417
"v0001(0,0)",3.377597408231443,2,1.0,3.377597408231443
"v0002(0,0)",3.465465224752504,1,1.0,3.465465224752504
"v0003(0,0)",3.47039573143839,2,1.0,3.47039573143839
"v0004(0,0)",3.5201210078179903,2,1.0,3.5201210078179903
"v0005(0,0)",3.5201210078179876,2,1.0,3.5201210078179876
"v0006(0,0)",3.529162800510202,2,1.0,3.529162800510202
"v0007(0,0)",3.529162800510203,2,1.0,3.529162800510203
"v0008(0,0)",3.5467235264912276,1,1.0,3.5467235264912276
"v0009(0,0)",3.5470748493847832,2,1.0,3.5470748493847832
"v0010(0,0)",3.5470748493847815,2,1.0,3.5470748493847815
"v0011(0,0)",3.547777194650036,2,1.0,3.547777194650036
"v0012(0,0)",3.5611447160848115,2,1.0,3.5611447160848115
"v0013(0,0)",3.5611447160848124,2,1.0,3.5611447160848124
"v0014(0,0)",3.5674632194419305,2,1.0,3.5674632194419305
"v0015(0,0)",3.567463219441933,2,1.0,3.567463219441933
"v0016(0,0)",3.5738825405591412,1,1.0,3.5738825405591412
"v0017(0,0)",3.5738825405591426,2,1.0,3.5738825405591426
"v0018(0,0)",3.578758682721511,2,1.0,3.578758682721511
"v0019(0,0)",3.5787586827215163,2,1.0,3.5787586827215163
"v0020(0,0)",3.5787922258297558,2,1.0,3.5787922258297558
"v0021(0,0)",3.578792225829755,2,1.0,3.578792225829755
"v0022(0,0)",3.584599815124789,2,1.0,3.584599815124789
"v0023(0,0)",3.585606109952174,1,1.0,3.585606109952174
"v0024(0,0)",3.588913917791902,2,1.0,3.588913917791902
"v0025(0,0)",3.588913917791902,1,1.0,3.588913917791902
"v0026(0,0)",3.595416375823012,2,1.0,3.595416375823012
"v0027(0,0)",3.5954163758230133,2,1.0,3.5954163758230133
"v0028(0,0)",3.5956604243872192,1,1.0,3.5956604243872192
"v0029(0,0)",3.596796099272445,1,1.0,3.596796099272445
"v0030(0,0)",3.5968822449320705,2,1.0,3.5968822449320705
"v0031(0,0)",3.59688224493207,2,1.0,3.59688224493207
"v0032(0,0)",3.600472205206726,1,1.0,3.600472205206726
"v0033(0,0)",3.6013794706285838,1,1.0,3.6013794706285838
"v0034(0,0)",3.603952682637973,2,1.0,3.603952682637973
"v0035(0,0)",3.603952682637973,2,1.0,3.603952682637973
"v0036(0,0)",3.605986441485272,2,1.0,3.605986441485272
"v0037(0,0)",3.605986441485271,2,1.0,3.605986441485271
"v0038(0,0)",3.607429169201406,2,1.0,3.607429169201406
"v0039(0,0)",3.6074291692014033,2,1.0,3.6074291692014033
"v0040(0,0)",3.608193744960582,1,1.0,3.608193744960582
"v0041(0,0)",3.608792303808707,1,1.0,3.608792303808707
"v0042(0,0)",3.610225138481559,1,1.0,3.610225138481559
"v0043(0,0)",3.6108824927976886,2,1.0,3.6108824927976886
"v0044(0,0)",3.6109645942176645,2,1.0,3.6109645942176645
"v0045(0,0)",3.610964594217666,2,1.0,3.610964594217666
"v0046(0,0)",3.6130064650605442,2,1.0,3.6130064650605442
"v0047(0,0)",3.6130064650605456,2,1.0,3.6130064650605456
"v0048(0,0)",3.6147960307918865,1,1.0,3.6147960307918865
"v0049(0,0)",3.615031090101339,1,1.0,3.615031090101339
"v0050(0,0)",3.6155675298489083,2,1.0,3.6155675298489083
"v0051(0,0)",3.6157603558702256,2,1.0,3.6157603558702256
"v0052(0,0)",3.6157603558702296,2,1.0,3.6157603558702296
"v0053(0,0)",3.6159960673108342,1,1.0,3.6159960673108342
"v0054(0,0)",3.6172287146858593,2,1.0,3.6172287146858593
"v0055(0,0)",3.6172287146858597,2,1.0,3.6172287146858597
"v0056(0,0)",3.6189739821468083,1,1.0,3.6189739821468083
"v0057(0,0)",3.6194092780942686,2,1.0,3.6194092780942686
"v0058(0,0)",3.6194092780942695,2,1.0,3.6194092780942695
"v0059(0,0)",3.6194613925977888,1,1.0,3.6194613925977888
"v0060(0,0)",3.6199366190265523,2,1.0,3.6199366190265523
"v0061(0,0)",3.6199366190265523,2,1.0,3.6199366190265523
"v0062(0,0)",3.6200372292930223,2,1.0,3.6200372292930223
"v0063(0,0)",3.620037229293025,2,1.0,3.620037229293025
"v0064(0,0)",3.6227641799249684,1,1.0,3.6227641799249684
"v0065(0,0)",3.623034417344019,2,1.0,3.623034417344019
"v0066(0,0)",3.62303441734402,2,1.0,3.62303441734402
"v0067(0,0)",3.6231237940257524,1,1.0,3.6231237940257524
"v0068(0,0)",3.623715978612009,2,1.0,3.623715978612009
"v0069(0,0)",3.623715978612008,2,1.0,3.623715978612008
"v0070(0,0)",3.6239374356826572,2,1.0,3.6239374356826572
"v0071(0,0)",3.623937435682657,2,1.0,3.623937435682657
"v0072(0,0)",3.624205696236474,1,1.0,3.624205696236474
"v0073(0,0)",3.6244649469820627,2,1.0,3.6244649469820627
"v0074(0,0)",3.6244815360213147,2,1.0,3.6244815360213147
"v0075(0,0)",3.6244815360213156,2,1.0,3.6244815360213156
"v0076(0,0)",3.6257964174874022,2,1.0,3.6257964174874022
"v0077(0,0)",3.625796417487402,2,1.0,3.625796417487402
"v0078(0,0)",3.6257964174874022,2,1.0,3.6257964174874022
"v0079(0,0)",3.625796417487403,2,1.0,3.625796417487403
"v0080(0,0)",3.6268667205763117,2,1.0,3.6268667205763117
"v0081(0,0)",3.626866720576311,2,1.0,3.626866720576311
"v0082(0,0)",3.62704007940276,1,1.0,3.62704007940276
"v0083(0,0)",3.62720868969784,1,1.0,3.62720868969784
"v0084(0,0)",3.627861429327281,2,1.0,3.627861429327281
"v0085(0,0)",3.6278614293272815,2,1.0,3.6278614293272815
"v0086(0,0)",3.6280763856221108,1,1.0,3.6280763856221108
"v0087(0,0)",3.6283179776960015,1,1.0,3.6283179776960015
"v0088(0,0)",3.6283374309118406,2,1.0,3.6283374309118406
"v0089(0,0)",3.6283374309118397,2,1.0,3.6283374309118397
"v0090(0,0)",3.629104156455912,2,1.0,3.629104156455912
"v0091(0,0)",3.629104156455908,2,1.0,3.629104156455908
"v0092(0,0)",3.6297348993157437,2,1.0,3.6297348993157437
"v0093(0,0)",3.6297348993157432,2,1.0,3.6297348993157432
"v0094(0,0)",3.631079691082996,2,1.0,3.631079691082996
"v0095(0,0)",3.6310796910829954,2,1.0,3.6310796910829954
"v0096(0,0)",3.6313680477701453,2,1.0,3.6313680477701453
"v0097(0,0)",3.6316292543930015,1,1.0,3.6316292543930015
"v0098(0,0)",3.631789436326845,2,1.0,3.631789436326845
"v0099(0,0)",3.631789436326849,2,1.0,3.631789436326849
"v0100(0,0)",3.6323149961167656,2,1.0,3.6323149961167656
"v0101(0,0)",3.632314996116759,2,1.0,3.632314996116759
"v0102(0,0)",3.6323350493364184,1,1.0,3.6323350493364184
"v0103(0,0)",3.6325589364360646,1,1.0,3.6325589364360646
"v0104(0,0)",3.632636382035221,1,1.0,3.632636382035221
"v0105(0,0)",3.6327488068549156,1,1.0,3.6327488068549156
"v0106(0,0)",3.634463257047715,1,1.0,3.634463257047715
"v0107(0,0)",3.6345553976863663,1,1.0,3.6345553976863663
"v0108(0,0)",3.6346544311148445,1,1.0,3.6346544311148445
"v0109(0,0)",3.6347685443783435,1,1.0,3.6347685443783435
"v0110(0,0)",3.6347891626816433,2,1.0,3.6347891626816433
"v0111(0,0)",3.634789162681641,2,1.0,3.634789162681641
"v0112(0,0)",3.635148198678888,2,1.0,3.635148198678888
"v0113(0,0)",3.635148198678888,2,1.0,3.635148198678888
"v0114(0,0)",3.6352511866719945,1,1.0,3.6352511866719945
"v0115(0,0)",3.635368713770602,1,1.0,3.635368713770602
"v0116(0,0)",3.635484565396088,2,1.0,3.635484565396088
"v0117(0,0)",3.6354845653960917,2,1.0,3.6354845653960917
"v0118(0,0)",3.635510000692249,1,1.0,3.635510000692249
"v0119(0,0)",3.6356859135593043,1,1.0,3.6356859135593043
"v0120(0,0)",3.6357516126914624,2,1.0,3.6357516126914624
"v0121(0,0)",3.635751612691465,2,1.0,3.635751612691465
"v0122(0,0)",3.6359740868828543,2,1.0,3.6359740868828543
"v0123(0,0)",3.635974086882855,2,1.0,3.635974086882855
"v0124(0,0)",3.637209777976194,2,1.0,3.637209777976194
"v0125(0,0)",3.637209777976193,2,1.0,3.637209777976193
"v0126(0,0)",3.6373172274087557,1,1.0,3.6373172274087557
"v0127(0,0)",3.637491469244501,1,1.0,3.637491469244501
"v0128(0,0)",3.6384076339132942,1,1.0,3.6384076339132942
"v0129(0,0)",3.638544924585731,1,1.0,3.638544924585731
"v0130(0,0)",3.6393866871367413,2,1.0,3.6393866871367413
"v0131(0,0)",3.6393866871367413,2,1.0,3.6393866871367413
"v0132(0,0)",3.6397221901985954,1,1.0,3.6397221901985954
"v0133(0,0)",3.639865057778824,2,1.0,3.639865057778824
"v0134(0,0)",3.6404586709383406,2,1.0,3.6404586709383406
"v0135(0,0)",3.640458670938336,2,1.0,3.640458670938336
"v0136(0,0)",3.640571500321236,2,1.0,3.640571500321236
"v0137(0,0)",3.640706314799374,1,1.0,3.640706314799374
"v0138(0,0)",3.6410086057536177,2,1.0,3.6410086057536177
"v0139(0,0)",3.6410086057536155,2,1.0,3.6410086057536155
"v0140(0,0)",3.6410108824977256,1,1.0,3.6410108824977256
"v0141(0,0)",3.641093329344046,1,1.0,3.641093329344046
"v0142(0,0)",3.6416212895306272,2,1.0,3.6416212895306272
"v0143(0,0)",3.641721562372455,1,1.0,3.641721562372455
"v0144(0,0)",3.6427628186781633,2,1.0,3.6427628186781633
"v0145(0,0)",3.6427628186781558,2,1.0,3.6427628186781558
"v0146(0,0)",3.6433316745559314,1,1.0,3.6433316745559314
"v0147(0,0)",3.643422510642231,1,1.0,3.643422510642231
"v0148(0,0)",3.6437994980502544,1,1.0,3.6437994980502544
"v0149(0,0)",3.643859623414578,1,1.0,3.643859623414578
"v0150(0,0)",3.6440987307079205,2,1.0,3.6440987307079205
"v0151(0,0)",3.6440987307079196,2,1.0,3.6440987307079196
"v0152(0,0)",3.6442713217199603,1,1.0,3.6442713217199603
"v0153(0,0)",3.6442728329694214,1,1.0,3.6442728329694214
"v0154(0,0)",3.6443457264830283,2,1.0,3.6443457264830283
"v0155(0,0)",3.6443676246834644,2,1.0,3.6443676246834644
"v0156(0,0)",3.6461669774958807,2,1.0,3.6461669774958807
"v0157(0,0)",3.646166977495879,2,1.0,3.646166977495879
"v0158(0,0)",3.647649889212801,1,1.0,3.647649889212801
"v0159(0,0)",3.647702299365017,2,1.0,3.647702299365017
"v0160(0,0)",3.737114890176886,1,1.0,3.737114890176886
"v0161(0,0)",3.8610864464759422,1,1.0,3.8610864464759422
"v0162(0,0)",3.8610864464759413,1,1.0,3.8610864464759413
"v0163(0,0)",3.876377027734764,2,1.0,3.876377027734764
"v0164(0,0)",3.904049823585389,2,1.0,3.904049823585389
"v0165(0,0)",3.905066563166358,1,1.0,3.905066563166358
"v0166(0,0)",3.924597229962621,1,1.0,3.924597229962621
"v0167(0,0)",3.925751438219072,2,1.0,3.925751438219072
"v0168(0,0)",3.9309278083378585,1,1.0,3.9309278083378585
"v0169(0,0)",3.94403496068321,1,1.0,3.94403496068321
"v0170(0,0)",3.9490078272182827,2,1.0,3.9490078272182827
"v0171(0,0)",3.957997499495201,1,1.0,3.957997499495201
"v0172(0,0)",3.9658261158046866,1,1.0,3.9658261158046866
"v0173(0,0)",3.9658261158046875,2,1.0,3.9658261158046875
"v0174(0,0)",3.9767877528907882,1,1.0,3.9767877528907882
"v0175(0,0)",3.976787752890789,1,1.0,3.976787752890789
"v0176(0,0)",3.9812345316220803,2,1.0,3.9812345316220803
"v0177(0,0)",3.9843381122383423,2,1.0,3.9843381122383423
"v0178(0,0)",3.9893729743931288,1,1.0,3.9893729743931288
"v0179(0,0)",3.9901261295616974,1,1.0,3.9901261295616974
"v0180(0,0)",3.990955248828162,1,1.0,3.990955248828162
"v0181(0,0)",3.993990750515009,1,1.0,3.993990750515009
"v0182(0,0)",3.995499623684939,2,1.0,3.995499623684939
"v0183(0,0)",3.9954996236849394,1,1.0,3.9954996236849394
"v0184(0,0)",3.9955920950793935,1,1.0,3.9955920950793935
"v0185(0,0)",3.9961109816007956,1,1.0,3.9961109816007956
"v0186(0,0)",3.9982758034756714,1,1.0,3.9982758034756714
"v0187(0,0)",3.998275803475675,1,1.0,3.998275803475675
"t00000(0,0)",3.4345408859025635,2,1.0,3.4345408859025635
"t00001(0,0)",3.434540885902563,2,1.0,3.434540885902563
"t00002(0,0)",3.5116074364218246,2,1.0,3.5116074364218246
"t00003(0,0)",3.5142296039143766,1,1.0,3.5142296039143766
"t00004(0,0)",3.5575248840336657,2,1.0,3.5575248840336657
"t00005(0,0)",3.557524884033662,2,1.0,3.557524884033662
"t00006(0,0)",3.5644546992205126,2,1.0,3.5644546992205126
"t00007(0,0)",3.564454699220512,2,1.0,3.564454699220512
"t00008(0,0)",3.575972812120454,1,1.0,3.575972812120454
"t00009(0,0)",3.5764879586040523,1,1.0,3.5764879586040523
"t00010(0,0)",3.578758682721517,2,1.0,3.578758682721517
"t00011(0,0)",3.5787586827215163,2,1.0,3.5787586827215163
"t00012(0,0)",3.587712960810983,2,1.0,3.587712960810983
"t00013(0,0)",3.5877129608109795,2,1.0,3.5877129608109795
"t00014(0,0)",3.5963179643242333,2,1.0,3.5963179643242333
"t00015(0,0)",3.5963179643242356,2,1.0,3.5963179643242356
"t00016(0,0)",3.600467262784815,2,1.0,3.600467262784815
"t00017(0,0)",3.600467262784814,1,1.0,3.600467262784814
"t00018(0,0)",3.6031943188831694,2,1.0,3.6031943188831694
"t00019(0,0)",3.6031943188831685,2,1.0,3.6031943188831685
"t00020(0,0)",3.6066959727707477,1,1.0,3.6066959727707477
"t00021(0,0)",3.6071551040851406,1,1.0,3.6071551040851406
"t00022(0,0)",3.607897363069807,2,1.0,3.607897363069807
"t00023(0,0)",3.607897363069806,2,1.0,3.607897363069806
"t00024(0,0)",3.608257953302698,2,1.0,3.608257953302698
"t00025(0,0)",3.6082579533027,2,1.0,3.6082579533027
"t00026(0,0)",3.6095391745447722,2,1.0,3.6095391745447722
"t00027(0,0)",3.60953917454477,1,1.0,3.60953917454477
"t00028(0,0)",3.6154128764679547,2,1.0,3.6154128764679547
"t00029(0,0)",3.6159865763255925,1,1.0,3.6159865763255925
"t00030(0,0)",3.6174143814370447,2,1.0,3.6174143814370447
"t00031(0,0)",3.6174143814370447,2,1.0,3.6174143814370447
"t00032(0,0)",3.6181406884413243,2,1.0,3.6181406884413243
"t00033(0,0)",3.6181406884413247,2,1.0,3.6181406884413247
"t00034(0,0)",3.6183166034121106,1,1.0,3.6183166034121106
"t00035(0,0)",3.6187903924286715,1,1.0,3.6187903924286715
"t00036(0,0)",3.6209901172539234,2,1.0,3.6209901172539234
"t00037(0,0)",3.620990117253924,2,1.0,3.620990117253924
"t00038(0,0)",3.6235399731397355,2,1.0,3.6235399731397355
"t00039(0,0)",3.6235399731397364,2,1.0,3.6235399731397364
"t00040(0,0)",3.625160673973927,2,1.0,3.625160673973927
"t00041(0,0)",3.6251606739739266,2,1.0,3.6251606739739266
"t00042(0,0)",3.625960933716332,2,1.0,3.625960933716332
"t00043(0,0)",3.62596093371633,2,1.0,3.62596093371633
"t00044(0,0)",3.6265453413824322,1,1.0,3.6265453413824322
"t00045(0,0)",3.6267773619752735,2,1.0,3.6267773619752735
"t00046(0,0)",3.6286126398011116,1,1.0,3.6286126398011116
"t00047(0,0)",3.62890018456832,1,1.0,3.62890018456832
"t00048(0,0)",3.628928096954769,2,1.0,3.628928096954769
"t00049(0,0)",3.628928096954769,2,1.0,3.628928096954769
"t00050(0,0)",3.6297367463706367,2,1.0,3.6297367463706367
"t00051(0,0)",3.6298322726690824,1,1.0,3.6298322726690824
"t00052(0,0)",3.6300499987247234,2,1.0,3.6300499987247234
"t00053(0,0)",3.6300499987247212,2,1.0,3.6300499987247212
"t00054(0,0)",3.630690633403137,1,1.0,3.630690633403137
"t00055(0,0)",3.630865515516598,1,1.0,3.630865515516598
"t00056(0,0)",3.6314252506407345,2,1.0,3.6314252506407345
"t00057(0,0)",3.631632853998974,1,1.0,3.631632853998974
"t00058(0,0)",3.63247519542078,2,1.0,3.63247519542078
"t00059(0,0)",3.6324751954207812,2,1.0,3.6324751954207812
"t00060(0,0)",3.6333893881413544,1,1.0,3.6333893881413544
"t00061(0,0)",3.6335933381527568,2,1.0,3.6335933381527568
"t00062(0,0)",3.6335933381527585,2,1.0,3.6335933381527585
"t00063(0,0)",3.6336142293115765,2,1.0,3.6336142293115765
"t00064(0,0)",3.6351078332453626,2,1.0,3.6351078332453626
"t00065(0,0)",3.6351078332453604,2,1.0,3.6351078332453604
"t00066(0,0)",3.63539295118277,2,1.0,3.63539295118277
"t00067(0,0)",3.6353929511827716,2,1.0,3.6353929511827716
"t00068(0,0)",3.636537438773794,2,1.0,3.636537438773794
"t00069(0,0)",3.636537438773794,2,1.0,3.636537438773794
"t00070(0,0)",3.636600267257545,2,1.0,3.636600267257545
"t00071(0,0)",3.636600267257545,2,1.0,3.636600267257545
"t00072(0,0)",3.6371396515996506,2,1.0,3.6371396515996506
"t00073(0,0)",3.6371396515996506,2,1.0,3.6371396515996506
"t00074(0,0)",3.6376042169401646,1,1.0,3.6376042169401646
"t00075(0,0)",3.637639443418779,1,1.0,3.637639443418779
"t00076(0,0)",3.637719525467954,1,1.0,3.637719525467954
"t00077(0,0)",3.6377651306463874,1,1.0,3.6377651306463874
"t00078(0,0)",3.6378003698048738,2,1.0,3.6378003698048738
"t00079(0,0)",3.637800369804869,2,1.0,3.637800369804869
"t00080(0,0)",3.6382375587275138,1,1.0,3.6382375587275138
"t00081(0,0)",3.638265482917931,2,1.0,3.638265482917931
"t00082(0,0)",3.638265482917933,2,1.0,3.638265482917933
"t00083(0,0)",3.6382789860515192,2,1.0,3.6382789860515192
"t00084(0,0)",3.6382789860515214,2,1.0,3.6382789860515214
"t00085(0,0)",3.63837700385076,1,1.0,3.63837700385076
"t00086(0,0)",3.63843097096861,2,1.0,3.63843097096861
"t00087(0,0)",3.638430970968611,2,1.0,3.638430970968611
"t00088(0,0)",3.639017420779532,2,1.0,3.639017420779532
"t00089(0,0)",3.6390174207795343,2,1.0,3.6390174207795343
"t00090(0,0)",3.63938668713674,2,1.0,3.63938668713674
"t00091(0,0)",3.6393866871367426,2,1.0,3.6393866871367426
"t00092(0,0)",3.63950055360621,2,1.0,3.63950055360621
"t00093(0,0)",3.6395005536062124,2,1.0,3.6395005536062124
"t00094(0,0)",3.6397196504889466,1,1.0,3.6397196504889466
"t00095(0,0)",3.6397977400145436,2,1.0,3.6397977400145436
"t00096(0,0)",3.6397977400145427,2,1.0,3.6397977400145427
"t00097(0,0)",3.639828520293013,2,1.0,3.639828520293013
"t00098(0,0)",3.640592224262008,1,1.0,3.640592224262008
"t00099(0,0)",3.6406466313418266,2,1.0,3.6406466313418266
"t00100(0,0)",3.6406818844480044,2,1.0,3.6406818844480044
"t00101(0,0)",3.640681884448003,2,1.0,3.640681884448003
"t00102(0,0)",3.641056543030752,2,1.0,3.641056543030752
"t00103(0,0)",3.6410565430307513,2,1.0,3.6410565430307513
"t00104(0,0)",3.641208957163703,2,1.0,3.641208957163703
"t00105(0,0)",3.6412089571637036,2,1.0,3.6412089571637036
"t00106(0,0)",3.641492010880731,2,1.0,3.641492010880731
"t00107(0,0)",3.641492010880727,2,1.0,3.641492010880727
"t00108(0,0)",3.642054148278519,2,1.0,3.642054148278519
"t00109(0,0)",3.6420541482785156,2,1.0,3.6420541482785156
"t00110(0,0)",3.6422669304346504,1,1.0,3.6422669304346504
"t00111(0,0)",3.6423260001268027,1,1.0,3.6423260001268027
"t00112(0,0)",3.6423463390399307,2,1.0,3.6423463390399307
"t00113(0,0)",3.6423463390399284,2,1.0,3.6423463390399284
"t00114(0,0)",3.6425782888630676,2,1.0,3.6425782888630676
"t00115(0,0)",3.6425782888630662,2,1.0,3.6425782888630662
"t00116(0,0)",3.64266080952815,2,1.0,3.64266080952815
"t00117(0,0)",3.6426608095281514,2,1.0,3.6426608095281514
"t00118(0,0)",3.6430335337913426,2,1.0,3.6430335337913426
"t00119(0,0)",3.6430335337913404,2,1.0,3.6430335337913404
"t00120(0,0)",3.6432888142085402,1,1.0,3.6432888142085402
"t00121(0,0)",3.643383595837549,2,1.0,3.643383595837549
"t00122(0,0)",3.6433835958375527,2,1.0,3.6433835958375527
"t00123(0,0)",3.643393394513944,1,1.0,3.643393394513944
"t00124(0,0)",3.6434772551816232,2,1.0,3.6434772551816232
"t00125(0,0)",3.643516463793997,1,1.0,3.643516463793997
"t00126(0,0)",3.6438045863198374,2,1.0,3.6438045863198374
"t00127(0,0)",3.6438045863198347,2,1.0,3.6438045863198347
"t00128(0,0)",3.644445474706597,1,1.0,3.644445474706597
"t00129(0,0)",3.644518448780792,1,1.0,3.644518448780792
"t00130(0,0)",3.6445343766201668,2,1.0,3.6445343766201668
"t00131(0,0)",3.6445343766201685,2,1.0,3.6445343766201685
"t00132(0,0)",3.644871617015075,1,1.0,3.644871617015075
"t00133(0,0)",3.6449529833144503,1,1.0,3.6449529833144503
"t00134(0,0)",3.6454499280568475,2,1.0,3.6454499280568475
"t00135(0,0)",3.6454499280568435,2,1.0,3.6454499280568435
"t00136(0,0)",3.645484478522419,2,1.0,3.645484478522419
"t00137(0,0)",3.6454844785224174,2,1.0,3.6454844785224174
"t00138(0,0)",3.645856983061453,2,1.0,3.645856983061453
"t00139(0,0)",3.645856983061455,2,1.0,3.645856983061455
"t00140(0,0)",3.6460110260797234,2,1.0,3.6460110260797234
"t00141(0,0)",3.6460110260797185,2,1.0,3.6460110260797185
"t00142(0,0)",3.6460259994710515,1,1.0,3.6460259994710515
"t00143(0,0)",3.646037654769488,2,1.0,3.646037654769488
"t00144(0,0)",3.646037654769489,2,1.0,3.646037654769489
"t00145(0,0)",3.6460857018410913,1,1.0,3.6460857018410913
"t00146(0,0)",3.646110112355344,1,1.0,3.646110112355344
"t00147(0,0)",3.6461547433547326,1,1.0,3.6461547433547326
"t00148(0,0)",3.6463559915647688,2,1.0,3.6463559915647688
"t00149(0,0)",3.646357402720027,2,1.0,3.646357402720027
"t00150(0,0)",3.646357402720027,2,1.0,3.646357402720027
"t00151(0,0)",3.6464322591375598,1,1.0,3.6464322591375598
"t00152(0,0)",3.646604882838025,2,1.0,3.646604882838025
"t00153(0,0)",3.6466048828380284,2,1.0,3.6466048828380284
"t00154(0,0)",3.6467577965466997,1,1.0,3.6467577965466997
"t00155(0,0)",3.6468229552900757,2,1.0,3.6468229552900757
"t00156(0,0)",3.646822955290076,2,1.0,3.646822955290076
"t00157(0,0)",3.6468229552900757,2,1.0,3.6468229552900757
"t00158(0,0)",3.6468229552900735,2,1.0,3.6468229552900735
"t00159(0,0)",3.646825097481043,1,1.0,3.646825097481043
"t00160(0,0)",3.646993492522011,1,1.0,3.646993492522011
"t00161(0,0)",3.647025669351386,1,1.0,3.647025669351386
"t00162(0,0)",3.647167793426673,2,1.0,3.647167793426673
"t00163(0,0)",3.6471677934266746,2,1.0,3.6471677934266746
"t00164(0,0)",3.6474595404234345,2,1.0,3.6474595404234345
"t00165(0,0)",3.6474595404234327,2,1.0,3.6474595404234327
"t00166(0,0)",3.647496676618627,2,1.0,3.647496676618627
"t00167(0,0)",3.647496676618628,2,1.0,3.647496676618628
"t00168(0,0)",3.6476508328281607,1,1.0,3.6476508328281607
"t00169(0,0)",3.647716048368065,2,1.0,3.647716048368065
"t00170(0,0)",3.648047127170108,1,1.0,3.648047127170108
"t00171(0,0)",3.648103521650451,2,1.0,3.648103521650451
"t00172(0,0)",3.64813989823708,1,1.0,3.64813989823708
"t00173(0,0)",3.6481549977890597,2,1.0,3.6481549977890597
"t00174(0,0)",3.648154997789062,2,1.0,3.648154997789062
"t00175(0,0)",3.6481958138749495,2,1.0,3.6481958138749495
"t00176(0,0)",3.648195813874948,2,1.0,3.648195813874948
"t00177(0,0)",3.648201323440452,1,1.0,3.648201323440452
"t00178(0,0)",3.6486824872689567,2,1.0,3.6486824872689567
"t00179(0,0)",3.6486824872689563,2,1.0,3.6486824872689563
"t00180(0,0)",3.6487188009732363,1,1.0,3.6487188009732363
"t00181(0,0)",3.6487671947324074,1,1.0,3.6487671947324074
"t00182(0,0)",3.6488112596171924,2,1.0,3.6488112596171924
"t00183(0,0)",3.6488112596171924,2,1.0,3.6488112596171924
"t00184(0,0)",3.648935573030225,2,1.0,3.648935573030225
"t00185(0,0)",3.648935573030225,2,1.0,3.648935573030225
"t00186(0,0)",3.6489490300281298,2,1.0,3.6489490300281298
"t00187(0,0)",3.64894903002813,2,1.0,3.64894903002813
"t00188(0,0)",3.6491992915692397,2,1.0,3.6491992915692397
"t00189(0,0)",3.649199291569238,2,1.0,3.649199291569238
"t00190(0,0)",3.649199376642802,1,1.0,3.649199376642802
"t00191(0,0)",3.6492468494211545,1,1.0,3.6492468494211545
"t00192(0,0)",3.649586040451241,2,1.0,3.649586040451241
"t00193(0,0)",3.6495860404512417,2,1.0,3.6495860404512417
"t00194(0,0)",3.649696464256887,1,1.0,3.649696464256887
"t00195(0,0)",3.649740734111655,1,1.0,3.649740734111655
"t00196(0,0)",3.649837029006616,2,1.0,3.649837029006616
"t00197(0,0)",3.649837029006612,2,1.0,3.649837029006612
"t00198(0,0)",3.6498602483331566,1,1.0,3.6498602483331566
"t00199(0,0)",3.6499081982078425,1,1.0,3.6499081982078425
"t00200(0,0)",3.6499170279061395,2,1.0,3.6499170279061395
"t00201(0,0)",3.649917027906139,2,1.0,3.649917027906139
"t00202(0,0)",3.649938189500849,2,1.0,3.649938189500849
"t00203(0,0)",3.6499381895008502,2,1.0,3.6499381895008502
"t00204(0,0)",3.6502256901174825,1,1.0,3.6502256901174825
"t00205(0,0)",3.6502328514193607,2,1.0,3.6502328514193607
"t00206(0,0)",3.6502635938942363,2,1.0,3.6502635938942363
"t00207(0,0)",3.650272994355184,1,1.0,3.650272994355184
"t00208(0,0)",3.650391323194643,2,1.0,3.650391323194643
"t00209(0,0)",3.6503913231946425,2,1.0,3.6503913231946425
"t00210(0,0)",3.6506098406132477,1,1.0,3.6506098406132477
"t00211(0,0)",3.6506520692283377,2,1.0,3.6506520692283377
"t00212(0,0)",3.6506520692283377,2,1.0,3.6506520692283377
"t00213(0,0)",3.6506534498697616,1,1.0,3.6506534498697616
"t00214(0,0)",3.6507823546083253,2,1.0,3.6507823546083253
"t00215(0,0)",3.650782354608323,2,1.0,3.650782354608323
"t00216(0,0)",3.651007655091211,2,1.0,3.651007655091211
"t00217(0,0)",3.6510076550912096,2,1.0,3.6510076550912096
"t00218(0,0)",3.651078570856222,1,1.0,3.651078570856222
"t00219(0,0)",3.6510985412769714,1,1.0,3.6510985412769714
"t00220(0,0)",3.651141269028504,2,1.0,3.651141269028504
"t00221(0,0)",3.651141269028507,2,1.0,3.651141269028507
"t00222(0,0)",3.6512551724225117,2,1.0,3.6512551724225117
"t00223(0,0)",3.6512551724225117,2,1.0,3.6512551724225117
"t00224(0,0)",3.651271720874766,2,1.0,3.651271720874766
"t00225(0,0)",3.651297573348961,1,1.0,3.651297573348961
"t00226(0,0)",3.6513249304739634,2,1.0,3.6513249304739634
"t00227(0,0)",3.651324930473964,2,1.0,3.651324930473964
"t00228(0,0)",3.651401396067546,1,1.0,3.651401396067546
"t00229(0,0)",3.651436547090369,2,1.0,3.651436547090369
"t00230(0,0)",3.65143654709037,2,1.0,3.65143654709037
"t00231(0,0)",3.6514367185530276,1,1.0,3.6514367185530276
"t00232(0,0)",3.651459525386672,1,1.0,3.651459525386672
"t00233(0,0)",3.651497850494124,1,1.0,3.651497850494124
"t00234(0,0)",3.6517928154320387,2,1.0,3.6517928154320387
"t00235(0,0)",3.6517928154320405,2,1.0,3.6517928154320405
"t00236(0,0)",3.6518182582595857,2,1.0,3.6518182582595857
"t00237(0,0)",3.651818258259585,2,1.0,3.651818258259585
"t00238(0,0)",3.6518220468140905,1,1.0,3.6518220468140905
"t00239(0,0)",3.651854297684685,1,1.0,3.651854297684685
"t00240(0,0)",3.6518814090543517,2,1.0,3.6518814090543517
"t00241(0,0)",3.651881409054354,2,1.0,3.651881409054354
"t00242(0,0)",3.651940289821116,1,1.0,3.651940289821116
"t00243(0,0)",3.651975295498254,1,1.0,3.651975295498254
"t00244(0,0)",3.652279170598467,1,1.0,3.652279170598467
"t00245(0,0)",3.6522948391016627,1,1.0,3.6522948391016627
"t00246(0,0)",3.652437991025855,1,1.0,3.652437991025855
"t00247(0,0)",3.652457204435987,2,1.0,3.652457204435987
"t00248(0,0)",3.6524572044359833,2,1.0,3.6524572044359833
"t00249(0,0)",3.652458425202558,2,1.0,3.652458425202558
"t00250(0,0)",3.6526442848356475,1,1.0,3.6526442848356475
"t00251(0,0)",3.6526682086541946,1,1.0,3.6526682086541946
"t00252(0,0)",3.6528927853103985,1,1.0,3.6528927853103985
"t00253(0,0)",3.6529188307247376,1,1.0,3.6529188307247376
"t00254(0,0)",3.6529460012764576,2,1.0,3.6529460012764576
"t00255(0,0)",3.652972132858006,1,1.0,3.652972132858006
"t00256(0,0)",3.6530400698440197,2,1.0,3.6530400698440197
"t00257(0,0)",3.6530400698440175,2,1.0,3.6530400698440175
"t00258(0,0)",3.6530712118469935,2,1.0,3.6530712118469935
"t00259(0,0)",3.653071211846995,2,1.0,3.653071211846995
"t00260(0,0)",3.6530793447369994,2,1.0,3.6530793447369994
"t00261(0,0)",3.653079344736998,2,1.0,3.653079344736998
"t00262(0,0)",3.6533824378848663,2,1.0,3.6533824378848663
"t00263(0,0)",3.653382437884868,2,1.0,3.653382437884868
"t00264(0,0)",3.6534506246880083,1,1.0,3.6534506246880083
"t00265(0,0)",3.653466936760021,1,1.0,3.653466936760021
"t00266(0,0)",3.653580236730293,2,1.0,3.653580236730293
"t00267(0,0)",3.653580236730293,2,1.0,3.653580236730293
"t00268(0,0)",3.6535903551387983,1,1.0,3.6535903551387983
"t00269(0,0)",3.653616467518279,1,1.0,3.653616467518279
"t00270(0,0)",3.6536538346710423,2,1.0,3.6536538346710423
"t00271(0,0)",3.6536538346710454,2,1.0,3.6536538346710454
"t00272(0,0)",3.6538299020328973,1,1.0,3.6538299020328973
"t00273(0,0)",3.653855001657726,2,1.0,3.653855001657726
"t00274(0,0)",3.6539701981555637,2,1.0,3.6539701981555637
"t00275(0,0)",3.6539701981555646,2,1.0,3.6539701981555646
"t00276(0,0)",3.654155647882097,1,1.0,3.654155647882097
"t00277(0,0)",3.6541740026922036,1,1.0,3.6541740026922036
"t00278(0,0)",3.6541848712281406,1,1.0,3.6541848712281406
"t00279(0,0)",3.6542079026313,1,1.0,3.6542079026313
"t00280(0,0)",3.65433527773261,1,1.0,3.65433527773261
"t00281(0,0)",3.654348419057919,1,1.0,3.654348419057919
"t00282(0,0)",3.654546099926236,2,1.0,3.654546099926236
"t00283(0,0)",3.654546099926237,2,1.0,3.654546099926237
"t00284(0,0)",3.6546190259466567,2,1.0,3.6546190259466567
"t00285(0,0)",3.6546190259466584,2,1.0,3.6546190259466584
"t00286(0,0)",3.6547731356748865,2,1.0,3.6547731356748865
"t00287(0,0)",3.6547731356748865,2,1.0,3.6547731356748865
"t00288(0,0)",3.654798531489803,2,1.0,3.654798531489803
"t00289(0,0)",3.65481158916081,1,1.0,3.65481158916081
"t00290(0,0)",3.654920972989584,2,1.0,3.654920972989584
"t00291(0,0)",3.6549408246505735,1,1.0,3.6549408246505735
"t00292(0,0)",3.6551105031925277,2,1.0,3.6551105031925277
"t00293(0,0)",3.6551105031925255,2,1.0,3.6551105031925255
"t00294(0,0)",3.6551184020452303,1,1.0,3.6551184020452303
"t00295(0,0)",3.6551186045740933,1,1.0,3.6551186045740933
"t00296(0,0)",3.6551346849378326,2,1.0,3.6551346849378326
"t00297(0,0)",3.6551376741110797,2,1.0,3.6551376741110797
"t00298(0,0)",3.655381648429229,2,1.0,3.655381648429229
"t00299(0,0)",3.655395943890859,1,1.0,3.655395943890859
"t00300(0,0)",3.655435934575717,2,1.0,3.655435934575717
"t00301(0,0)",3.655435934575715,2,1.0,3.655435934575715
"t00302(0,0)",3.6556496393278124,2,1.0,3.6556496393278124
"t00303(0,0)",3.6556496393278075,2,1.0,3.6556496393278075
"t00304(0,0)",3.6560280189501597,1,1.0,3.6560280189501597
"t00305(0,0)",3.6560398744471616,1,1.0,3.6560398744471616
"t00306(0,0)",3.6561573910146845,1,1.0,3.6561573910146845
"t00307(0,0)",3.6561661937604177,1,1.0,3.6561661937604177
"t00308(0,0)",3.656174137021007,1,1.0,3.656174137021007
"t00309(0,0)",3.6561868522824073,2,1.0,3.6561868522824073
"t00310(0,0)",3.656281361169871,2,1.0,3.656281361169871
"t00311(0,0)",3.6562813611698735,2,1.0,3.6562813611698735
"t00312(0,0)",3.656389702648325,1,1.0,3.656389702648325
"t00313(0,0)",3.656400989539625,1,1.0,3.656400989539625
"t00314(0,0)",3.656406969516883,2,1.0,3.656406969516883
"t00315(0,0)",3.65642075298519,1,1.0,3.65642075298519
"t00316(0,0)",3.6570988928944637,2,1.0,3.6570988928944637
"t00317(0,0)",3.6570988928944645,2,1.0,3.6570988928944645
"t00318(0,0)",3.657677503743236,1,1.0,3.657677503743236
"t00319(0,0)",3.6576851582823737,1,1.0,3.6576851582823737
"t00320(0,0)",3.8087923408573694,1,1.0,3.8087923408573694
"t00321(0,0)",3.909858237133136,1,1.0,3.909858237133136
"t00322(0,0)",3.909858237133137,1,1.0,3.909858237133137
"t00323(0,0)",3.931807808420168,1,1.0,3.931807808420168
"t00324(0,0)",3.9454493458175834,1,1.0,3.9454493458175834
"t00325(0,0)",3.950069935954142,1,1.0,3.950069935954142
"t00326(0,0)",3.966147613535822,2,1.0,3.966147613535822
"t00327(0,0)",3.971888267106195,1,1.0,3.971888267106195
"t00328(0,0)",3.9725955761583323,1,1.0,3.9725955761583323
"t00329(0,0)",3.980767925434491,1,1.0,3.980767925434491
"t00330(0,0)",3.98319973470008,1,1.0,3.98319973470008
"t00331(0,0)",3.9845765563138262,1,1.0,3.9845765563138262
"t00332(0,0)",3.9924595444784,1,1.0,3.9924595444784
"t00333(0,0)",3.9924595444784012,1,1.0,3.9924595444784012
"t00334(0,0)",3.9964565556459264,1,1.0,3.9964565556459264
"t00335(0,0)",3.9970919855533844,2,1.0,3.9970919855533844
"o9_00000(0,0)",3.476173989238985,2,1.0,3.476173989238985
"o9_00001(0,0)",3.476173989238987,2,1.0,3.476173989238987
"o9_00002(0,0)",3.5433303067961637,1,1.0,3.5433303067961637
"o9_00003(0,0)",3.5448229931598876,1,1.0,3.5448229931598876
"o9_00004(0,0)",3.5822423709354383,2,1.0,3.5822423709354383
"o9_00005(0,0)",3.582242370935437,2,1.0,3.582242370935437
"o9_00006(0,0)",3.5875270492009017,2,1.0,3.5875270492009017
"o9_00007(0,0)",3.5875270492009004,2,1.0,3.5875270492009004
"o9_00008(0,0)",3.5954786535501695,2,1.0,3.5954786535501695
"o9_00009(0,0)",3.595754062405442,1,1.0,3.595754062405442
"o9_00010(0,0)",3.599119890941395,2,1.0,3.599119890941395
"o9_00011(0,0)",3.599119890941395,2,1.0,3.599119890941395
"o9_00012(0,0)",3.6051589909154034,2,1.0,3.6051589909154034
"o9_00013(0,0)",3.6051589909154043,2,1.0,3.6051589909154043
"o9_00014(0,0)",3.614212854392205,2,1.0,3.614212854392205
"o9_00015(0,0)",3.6142128543922127,2,1.0,3.6142128543922127
"o9_00016(0,0)",3.6167930474044585,2,1.0,3.6167930474044585
"o9_00017(0,0)",3.6167930474044594,1,1.0,3.6167930474044594
"o9_00018(0,0)",3.618657132087067,2,1.0,3.618657132087067
"o9_00019(0,0)",3.6186571320870686,2,1.0,3.6186571320870686
"o9_00020(0,0)",3.6207155779128293,1,1.0,3.6207155779128293
"o9_00021(0,0)",3.620947464336001,1,1.0,3.620947464336001
"o9_00022(0,0)",3.62268440821056,1,1.0,3.62268440821056
"o9_00023(0,0)",3.62268440821056,2,1.0,3.62268440821056
"o9_00024(0,0)",3.624694709247324,2,1.0,3.624694709247324
"o9_00025(0,0)",3.624694709247327,2,1.0,3.624694709247327
"o9_00026(0,0)",3.624790232730939,2,1.0,3.624790232730939
"o9_00027(0,0)",3.624790232730934,2,1.0,3.624790232730934
"o9_00028(0,0)",3.6273536867432536,2,1.0,3.6273536867432536
"o9_00029(0,0)",3.6273536867432545,2,1.0,3.6273536867432545
"o9_00030(0,0)",3.627671214122161,1,1.0,3.627671214122161
"o9_00031(0,0)",3.627991279470265,1,1.0,3.627991279470265
"o9_00032(0,0)",3.629556787287914,1,1.0,3.629556787287914
"o9_00033(0,0)",3.6298277414535742,1,1.0,3.6298277414535742
"o9_00034(0,0)",3.6305970182388534,2,1.0,3.6305970182388534
"o9_00035(0,0)",3.6305970182388507,2,1.0,3.6305970182388507
"o9_00036(0,0)",3.630672823921008,2,1.0,3.630672823921008
"o9_00037(0,0)",3.6306728239210098,2,1.0,3.6306728239210098
"o9_00038(0,0)",3.634507701907671,2,1.0,3.634507701907671
"o9_00039(0,0)",3.6345077019076704,2,1.0,3.6345077019076704
"o9_00040(0,0)",3.6346621145704243,2,1.0,3.6346621145704243
"o9_00041(0,0)",3.6346621145704243,2,1.0,3.6346621145704243
"o9_00042(0,0)",3.634900787471609,2,1.0,3.634900787471609
"o9_00043(0,0)",3.634900787471607,2,1.0,3.634900787471607
"o9_00044(0,0)",3.6361782903071447,2,1.0,3.6361782903071447
"o9_00045(0,0)",3.6361782903071442,2,1.0,3.6361782903071442
"o9_00046(0,0)",3.636666652868008,2,1.0,3.636666652868008
"o9_00047(0,0)",3.636666652868012,2,1.0,3.636666652868012
"o9_00048(0,0)",3.637160192356218,2,1.0,3.637160192356218
"o9_00049(0,0)",3.6372637174572526,1,1.0,3.6372637174572526
"o9_00050(0,0)",3.638765655629902,1,1.0,3.638765655629902
"o9_00051(0,0)",3.638810144405223,1,1.0,3.638810144405223
"o9_00052(0,0)",3.638937912711143,1,1.0,3.638937912711143
"o9_00053(0,0)",3.6390827932345804,1,1.0,3.6390827932345804
"o9_00054(0,0)",3.639094158673072,2,1.0,3.639094158673072
"o9_00055(0,0)",3.6390941586730743,2,1.0,3.6390941586730743
"o9_00056(0,0)",3.6397109870769926,1,1.0,3.6397109870769926
"o9_00057(0,0)",3.63979210386719,1,1.0,3.63979210386719
"o9_00058(0,0)",3.6400588405170957,2,1.0,3.6400588405170957
"o9_00059(0,0)",3.6400588405170953,2,1.0,3.6400588405170953
"o9_00060(0,0)",3.641541298817574,2,1.0,3.641541298817574
"o9_00061(0,0)",3.6415412988175855,2,1.0,3.6415412988175855
"o9_00062(0,0)",3.6418264925839785,1,1.0,3.6418264925839785
"o9_00063(0,0)",3.6419343847855163,2,1.0,3.6419343847855163
"o9_00064(0,0)",3.6419343847855172,2,1.0,3.6419343847855172
"o9_00065(0,0)",3.6419440778845895,1,1.0,3.6419440778845895
"o9_00066(0,0)",3.6422404161336925,1,1.0,3.6422404161336925
"o9_00067(0,0)",3.6423197219283376,1,1.0,3.6423197219283376
"o9_00068(0,0)",3.6426490673268543,1,1.0,3.6426490673268543
"o9_00069(0,0)",3.6427389159959302,1,1.0,3.6427389159959302
"o9_00070(0,0)",3.6447820076214317,2,1.0,3.6447820076214317
"o9_00071(0,0)",3.644782007621432,2,1.0,3.644782007621432
"o9_00072(0,0)",3.6448028064093765,2,1.0,3.6448028064093765
"o9_00073(0,0)",3.644802806409379,2,1.0,3.644802806409379
"o9_00074(0,0)",3.6450691944127116,2,1.0,3.6450691944127116
"o9_00075(0,0)",3.645069194412711,2,1.0,3.645069194412711
"o9_00076(0,0)",3.645200434136387,2,1.0,3.645200434136387
"o9_00077(0,0)",3.645211934432087,2,1.0,3.645211934432087
"o9_00078(0,0)",3.6452119344320897,2,1.0,3.6452119344320897
"o9_00079(0,0)",3.6452592458865287,1,1.0,3.6452592458865287
"o9_00080(0,0)",3.6454929891000334,2,1.0,3.6454929891000334
"o9_00081(0,0)",3.6454929891000365,2,1.0,3.6454929891000365
"o9_00082(0,0)",3.6457376596724966,1,1.0,3.6457376596724966
"o9_00083(0,0)",3.6457895254011135,2,1.0,3.6457895254011135
"o9_00084(0,0)",3.6458475007946234,2,1.0,3.6458475007946234
"o9_00085(0,0)",3.6458475007946247,2,1.0,3.6458475007946247
"o9_00086(0,0)",3.646368213192296,2,1.0,3.646368213192296
"o9_00087(0,0)",3.646433048060052,1,1.0,3.646433048060052
"o9_00088(0,0)",3.6464804170902414,1,1.0,3.6464804170902414
"o9_00089(0,0)",3.6465364453571807,1,1.0,3.6465364453571807
"o9_00090(0,0)",3.6466289967177388,2,1.0,3.6466289967177388
"o9_00091(0,0)",3.646628996717737,2,1.0,3.646628996717737
"o9_00092(0,0)",3.646798714134062,2,1.0,3.646798714134062
"o9_00093(0,0)",3.6467987141340674,2,1.0,3.6467987141340674
"o9_00094(0,0)",3.6469043673454657,2,1.0,3.6469043673454657
"o9_00095(0,0)",3.646904367345463,2,1.0,3.646904367345463
"o9_00096(0,0)",3.6469412549886497,2,1.0,3.6469412549886497
"o9_00097(0,0)",3.6469412549886484,2,1.0,3.6469412549886484
"o9_00098(0,0)",3.647041101360144,2,1.0,3.647041101360144
"o9_00099(0,0)",3.647041101360143,2,1.0,3.647041101360143
"o9_00100(0,0)",3.6473172032527863,2,1.0,3.6473172032527863
"o9_00101(0,0)",3.6473172032527876,2,1.0,3.6473172032527876
"o9_00102(0,0)",3.6473201242968147,2,1.0,3.6473201242968147
"o9_00103(0,0)",3.6473201242968134,2,1.0,3.6473201242968134
"o9_00104(0,0)",3.647423459563444,1,1.0,3.647423459563444
"o9_00105(0,0)",3.6474726417721057,1,1.0,3.6474726417721057
"o9_00106(0,0)",3.6475690190699854,2,1.0,3.6475690190699854
"o9_00107(0,0)",3.6475690190699837,2,1.0,3.6475690190699837
"o9_00108(0,0)",3.6476810372393667,2,1.0,3.6476810372393667
"o9_00109(0,0)",3.6476810372393627,2,1.0,3.6476810372393627
"o9_00110(0,0)",3.6478455230933045,1,1.0,3.6478455230933045
"o9_00111(0,0)",3.647867084513605,1,1.0,3.647867084513605
"o9_00112(0,0)",3.6480757336867207,2,1.0,3.6480757336867207
"o9_00113(0,0)",3.6480757336867162,2,1.0,3.6480757336867162
"o9_00114(0,0)",3.648277213131876,2,1.0,3.648277213131876
"o9_00115(0,0)",3.6482772131318786,2,1.0,3.6482772131318786
"o9_00116(0,0)",3.648411180460862,2,1.0,3.648411180460862
"o9_00117(0,0)",3.6484111804608634,2,1.0,3.6484111804608634
"o9_00118(0,0)",3.648491149598522,2,1.0,3.648491149598522
"o9_00119(0,0)",3.64849114959852,2,1.0,3.64849114959852
"o9_00120(0,0)",3.648500504160108,2,1.0,3.648500504160108
"o9_00121(0,0)",3.648500504160109,2,1.0,3.648500504160109
"o9_00122(0,0)",3.64896693550722,2,1.0,3.64896693550722
"o9_00123(0,0)",3.64896693550722,2,1.0,3.64896693550722
"o9_00124(0,0)",3.649210840120981,2,1.0,3.649210840120981
"o9_00125(0,0)",3.649210840120984,2,1.0,3.649210840120984
"o9_00126(0,0)",3.6492625620362373,2,1.0,3.6492625620362373
"o9_00127(0,0)",3.649262562036238,2,1.0,3.649262562036238
"o9_00128(0,0)",3.649521608543994,1,1.0,3.649521608543994
"o9_00129(0,0)",3.6495379944121704,1,1.0,3.6495379944121704
"o9_00130(0,0)",3.649601087943567,2,1.0,3.649601087943567
"o9_00131(0,0)",3.649601087943568,2,1.0,3.649601087943568
"o9_00132(0,0)",3.6496761397695874,1,1.0,3.6496761397695874
"o9_00133(0,0)",3.64968223635349,1,1.0,3.64968223635349
"o9_00134(0,0)",3.6497079950785314,1,1.0,3.6497079950785314
"o9_00135(0,0)",3.649725752262674,1,1.0,3.649725752262674
"o9_00136(0,0)",3.6501898553299434,2,1.0,3.6501898553299434
"o9_00137(0,0)",3.6501898553299443,2,1.0,3.6501898553299443
"o9_00138(0,0)",3.6503261161707687,2,1.0,3.6503261161707687
"o9_00139(0,0)",3.650344805350512,1,1.0,3.650344805350512
"o9_00140(0,0)",3.6503562595163346,2,1.0,3.6503562595163346
"o9_00141(0,0)",3.6503562595163364,2,1.0,3.6503562595163364
"o9_00142(0,0)",3.6503781793950285,2,1.0,3.6503781793950285
"o9_00143(0,0)",3.6503781793950267,2,1.0,3.6503781793950267
"o9_00144(0,0)",3.6504382185185587,2,1.0,3.6504382185185587
"o9_00145(0,0)",3.6504382185185626,2,1.0,3.6504382185185626
"o9_00146(0,0)",3.650519643262888,2,1.0,3.650519643262888
"o9_00147(0,0)",3.650519643262892,2,1.0,3.650519643262892
"o9_00148(0,0)",3.6505319816380823,2,1.0,3.6505319816380823
"o9_00149(0,0)",3.6505319816380832,2,1.0,3.6505319816380832
"o9_00150(0,0)",3.650591481461661,2,1.0,3.650591481461661
"o9_00151(0,0)",3.650597326227273,2,1.0,3.650597326227273
"o9_00152(0,0)",3.6505973262272735,2,1.0,3.6505973262272735
"o9_00153(0,0)",3.6506317065238347,1,1.0,3.6506317065238347
"o9_00154(0,0)",3.6507637557608814,1,1.0,3.6507637557608814
"o9_00155(0,0)",3.6507923056911853,1,1.0,3.6507923056911853
"o9_00156(0,0)",3.650836570223186,2,1.0,3.650836570223186
"o9_00157(0,0)",3.6508365702231917,2,1.0,3.6508365702231917
"o9_00158(0,0)",3.6511694431713027,2,1.0,3.6511694431713027
"o9_00159(0,0)",3.651169443171302,2,1.0,3.651169443171302
"o9_00160(0,0)",3.6513249304739617,2,1.0,3.6513249304739617
"o9_00161(0,0)",3.6513249304739626,2,1.0,3.6513249304739626
"o9_00162(0,0)",3.6514945760512294,2,1.0,3.6514945760512294
"o9_00163(0,0)",3.651494576051233,2,1.0,3.651494576051233
"o9_00164(0,0)",3.651655297490541,1,1.0,3.651655297490541
"o9_00165(0,0)",3.6516793868971082,1,1.0,3.6516793868971082
"o9_00166(0,0)",3.6517144365767042,2,1.0,3.6517144365767042
"o9_00167(0,0)",3.6517144365767025,2,1.0,3.6517144365767025
"o9_00168(0,0)",3.651781600389941,1,1.0,3.651781600389941
"o9_00169(0,0)",3.651802084147561,1,1.0,3.651802084147561
"o9_00170(0,0)",3.651828206194704,2,1.0,3.651828206194704
"o9_00171(0,0)",3.6518282061947014,2,1.0,3.6518282061947014
"o9_00172(0,0)",3.6520362117750302,2,1.0,3.6520362117750302
"o9_00173(0,0)",3.652036211775032,2,1.0,3.652036211775032
"o9_00174(0,0)",3.6521271162540434,2,1.0,3.6521271162540434
"o9_00175(0,0)",3.6521271162540443,2,1.0,3.6521271162540443
"o9_00176(0,0)",3.652139442610596,2,1.0,3.652139442610596
"o9_00177(0,0)",3.652139442610596,2,1.0,3.652139442610596
"o9_00178(0,0)",3.652234318029487,1,1.0,3.652234318029487
"o9_00179(0,0)",3.6522680117011563,2,1.0,3.6522680117011563
"o9_00180(0,0)",3.6523980023498446,2,1.0,3.6523980023498446
"o9_00181(0,0)",3.6523980023498455,2,1.0,3.6523980023498455
"o9_00182(0,0)",3.652540046917556,2,1.0,3.652540046917556
"o9_00183(0,0)",3.6525400469175566,2,1.0,3.6525400469175566
"o9_00184(0,0)",3.6525921489633477,2,1.0,3.6525921489633477
"o9_00185(0,0)",3.6525921489633486,2,1.0,3.6525921489633486
"o9_00186(0,0)",3.652699841013663,2,1.0,3.652699841013663
"o9_00187(0,0)",3.6526998410136637,2,1.0,3.6526998410136637
"o9_00188(0,0)",3.6527624837842594,1,1.0,3.6527624837842594
"o9_00189(0,0)",3.65276695686912,2,1.0,3.65276695686912
"o9_00190(0,0)",3.652766956869123,2,1.0,3.652766956869123
"o9_00191(0,0)",3.652773920705631,2,1.0,3.652773920705631
"o9_00192(0,0)",3.6529422419415982,2,1.0,3.6529422419415982
"o9_00193(0,0)",3.6529718873043837,1,1.0,3.6529718873043837
"o9_00194(0,0)",3.653146153189231,1,1.0,3.653146153189231
"o9_00195(0,0)",3.653172857124683,1,1.0,3.653172857124683
"o9_00196(0,0)",3.653204673144362,2,1.0,3.653204673144362
"o9_00197(0,0)",3.6532046731443586,2,1.0,3.6532046731443586
"o9_00198(0,0)",3.6532691799260206,2,1.0,3.6532691799260206
"o9_00199(0,0)",3.6532691799260206,2,1.0,3.6532691799260206
"o9_00200(0,0)",3.6533147796538104,2,1.0,3.6533147796538104
"o9_00201(0,0)",3.6533147796538095,2,1.0,3.6533147796538095
"o9_00202(0,0)",3.653318850473635,1,1.0,3.653318850473635
"o9_00203(0,0)",3.653331278404672,1,1.0,3.653331278404672
"o9_00204(0,0)",3.6534543966258513,1,1.0,3.6534543966258513
"o9_00205(0,0)",3.65347129228099,2,1.0,3.65347129228099
"o9_00206(0,0)",3.653471292280987,2,1.0,3.653471292280987
"o9_00207(0,0)",3.6534758139913635,1,1.0,3.6534758139913635
"o9_00208(0,0)",3.653679523451938,2,1.0,3.653679523451938
"o9_00209(0,0)",3.6536795234519386,2,1.0,3.6536795234519386
"o9_00210(0,0)",3.6538040720761593,2,1.0,3.6538040720761593
"o9_00211(0,0)",3.6538040720761624,2,1.0,3.6538040720761624
"o9_00212(0,0)",3.653829616651965,1,1.0,3.653829616651965
"o9_00213(0,0)",3.653845933055402,2,1.0,3.653845933055402
"o9_00214(0,0)",3.653845933055407,2,1.0,3.653845933055407
"o9_00215(0,0)",3.653850799254132,2,1.0,3.653850799254132
"o9_00216(0,0)",3.6538529610056214,2,1.0,3.6538529610056214
"o9_00217(0,0)",3.6538529610056183,2,1.0,3.6538529610056183
"o9_00218(0,0)",3.654078147799724,2,1.0,3.654078147799724
"o9_00219(0,0)",3.6540814774511197,2,1.0,3.6540814774511197
"o9_00220(0,0)",3.654081477451119,2,1.0,3.654081477451119
"o9_00221(0,0)",3.654083751721146,2,1.0,3.654083751721146
"o9_00222(0,0)",3.654085474972501,2,1.0,3.654085474972501
"o9_00223(0,0)",3.654085474972503,2,1.0,3.654085474972503
"o9_00224(0,0)",3.6541018718636327,1,1.0,3.6541018718636327
"o9_00225(0,0)",3.654102239066001,1,1.0,3.654102239066001
"o9_00226(0,0)",3.6542541403317617,2,1.0,3.6542541403317617
"o9_00227(0,0)",3.654254140331759,2,1.0,3.654254140331759
"o9_00228(0,0)",3.6542541403317577,2,1.0,3.6542541403317577
"o9_00229(0,0)",3.6542541403317577,2,1.0,3.6542541403317577
"o9_00230(0,0)",3.654382036883774,1,1.0,3.654382036883774
"o9_00231(0,0)",3.654387406668847,2,1.0,3.654387406668847
"o9_00232(0,0)",3.654387406668849,2,1.0,3.654387406668849
"o9_00233(0,0)",3.6544022965086578,1,1.0,3.6544022965086578
"o9_00234(0,0)",3.6544880871166407,2,1.0,3.6544880871166407
"o9_00235(0,0)",3.654488087116639,2,1.0,3.654488087116639
"o9_00236(0,0)",3.6545311020710685,2,1.0,3.6545311020710685
"o9_00237(0,0)",3.654531102071064,2,1.0,3.654531102071064
"o9_00238(0,0)",3.654618932209296,1,1.0,3.654618932209296
"o9_00239(0,0)",3.654640201815783,1,1.0,3.654640201815783
"o9_00240(0,0)",3.6546491780366424,2,1.0,3.6546491780366424
"o9_00241(0,0)",3.654649178036636,2,1.0,3.654649178036636
"o9_00242(0,0)",3.6546535318233184,1,1.0,3.6546535318233184
"o9_00243(0,0)",3.6546585209577405,1,1.0,3.6546585209577405
"o9_00244(0,0)",3.654670876876591,1,1.0,3.654670876876591
"o9_00245(0,0)",3.654674538063433,1,1.0,3.654674538063433
"o9_00246(0,0)",3.654688166982682,2,1.0,3.654688166982682
"o9_00247(0,0)",3.6546881669826803,2,1.0,3.6546881669826803
"o9_00248(0,0)",3.65473126646137,1,1.0,3.65473126646137
"o9_00249(0,0)",3.654742274452396,2,1.0,3.654742274452396
"o9_00250(0,0)",3.654742274452393,2,1.0,3.654742274452393
"o9_00251(0,0)",3.6547506569031247,2,1.0,3.6547506569031247
"o9_00252(0,0)",3.6547506569031243,2,1.0,3.6547506569031243
"o9_00253(0,0)",3.654751611327527,1,1.0,3.654751611327527
"o9_00254(0,0)",3.654854864176782,1,1.0,3.654854864176782
"o9_00255(0,0)",3.6548731455294776,1,1.0,3.6548731455294776
"o9_00256(0,0)",3.654882573051362,2,1.0,3.654882573051362
"o9_00257(0,0)",3.6548825730513594,2,1.0,3.6548825730513594
"o9_00258(0,0)",3.654923254159356,2,1.0,3.654923254159356
"o9_00259(0,0)",3.6549409741937295,1,1.0,3.6549409741937295
"o9_00260(0,0)",3.654959125648668,2,1.0,3.654959125648668
"o9_00261(0,0)",3.654959125648668,2,1.0,3.654959125648668
"o9_00262(0,0)",3.654991460453761,2,1.0,3.654991460453761
"o9_00263(0,0)",3.65499146045376,2,1.0,3.65499146045376
"o9_00264(0,0)",3.6551132899889724,2,1.0,3.6551132899889724
"o9_00265(0,0)",3.6551132899889747,2,1.0,3.6551132899889747
"o9_00266(0,0)",3.6551847496961174,1,1.0,3.6551847496961174
"o9_00267(0,0)",3.6551986758825956,1,1.0,3.6551986758825956
"o9_00268(0,0)",3.65522658993595,2,1.0,3.65522658993595
"o9_00269(0,0)",3.655226589935949,2,1.0,3.655226589935949
"o9_00270(0,0)",3.655293864555977,2,1.0,3.655293864555977
"o9_00271(0,0)",3.65529386455598,2,1.0,3.65529386455598
"o9_00272(0,0)",3.655322611143136,1,1.0,3.655322611143136
"o9_00273(0,0)",3.655326966754809,2,1.0,3.655326966754809
"o9_00274(0,0)",3.655326966754809,2,1.0,3.655326966754809
"o9_00275(0,0)",3.6553406651709994,1,1.0,3.6553406651709994
"o9_00276(0,0)",3.655478327286771,2,1.0,3.655478327286771
"o9_00277(0,0)",3.655478327286767,2,1.0,3.655478327286767
"o9_00278(0,0)",3.655541952388801,2,1.0,3.655541952388801
"o9_00279(0,0)",3.655541952388795,2,1.0,3.655541952388795
"o9_00280(0,0)",3.65555264891117,1,1.0,3.65555264891117
"o9_00281(0,0)",3.655554761687684,1,1.0,3.655554761687684
"o9_00282(0,0)",3.6555678561360567,1,1.0,3.6555678561360567
"o9_00283(0,0)",3.6555706516167876,1,1.0,3.6555706516167876
"o9_00284(0,0)",3.6557200229191196,2,1.0,3.6557200229191196
"o9_00285(0,0)",3.655720022919126,2,1.0,3.655720022919126
"o9_00286(0,0)",3.6557200468342836,1,1.0,3.6557200468342836
"o9_00287(0,0)",3.6557266110721796,1,1.0,3.6557266110721796
"o9_00288(0,0)",3.6557714533623766,2,1.0,3.6557714533623766
"o9_00289(0,0)",3.6557714533623766,2,1.0,3.6557714533623766
"o9_00290(0,0)",3.65577297385384,2,1.0,3.65577297385384
"o9_00291(0,0)",3.655772973853846,2,1.0,3.655772973853846
"o9_00292(0,0)",3.6558782290534806,1,1.0,3.6558782290534806
"o9_00293(0,0)",3.655891895665401,1,1.0,3.655891895665401
"o9_00294(0,0)",3.655902201134054,1,1.0,3.655902201134054
"o9_00295(0,0)",3.6559127264708406,1,1.0,3.6559127264708406
"o9_00296(0,0)",3.6559585154376095,2,1.0,3.6559585154376095
"o9_00297(0,0)",3.6559726610447765,1,1.0,3.6559726610447765
"o9_00298(0,0)",3.656064690957879,2,1.0,3.656064690957879
"o9_00299(0,0)",3.6560646909578787,2,1.0,3.6560646909578787
"o9_00300(0,0)",3.656101667241577,2,1.0,3.656101667241577
"o9_00301(0,0)",3.6561016672415754,2,1.0,3.6561016672415754
"o9_00302(0,0)",3.6561227144250035,2,1.0,3.6561227144250035
"o9_00303(0,0)",3.6561227144250026,2,1.0,3.6561227144250026
"o9_00304(0,0)",3.6561504214680673,2,1.0,3.6561504214680673
"o9_00305(0,0)",3.6561504214680633,2,1.0,3.6561504214680633
"o9_00306(0,0)",3.656174283933075,1,1.0,3.656174283933075
"o9_00307(0,0)",3.656189024694348,2,1.0,3.656189024694348
"o9_00308(0,0)",3.6562013769024904,1,1.0,3.6562013769024904
"o9_00309(0,0)",3.6562105012237605,2,1.0,3.6562105012237605
"o9_00310(0,0)",3.6562105012237596,2,1.0,3.6562105012237596
"o9_00311(0,0)",3.6562128290523646,1,1.0,3.6562128290523646
"o9_00312(0,0)",3.656218172824965,2,1.0,3.656218172824965
"o9_00313(0,0)",3.656218172824963,2,1.0,3.656218172824963
"o9_00314(0,0)",3.656250886959961,2,1.0,3.656250886959961
"o9_00315(0,0)",3.656250886959958,2,1.0,3.656250886959958
"o9_00316(0,0)",3.6562656824867164,2,1.0,3.6562656824867164
"o9_00317(0,0)",3.656265682486714,2,1.0,3.656265682486714
"o9_00318(0,0)",3.656302710672896,2,1.0,3.656302710672896
"o9_00319(0,0)",3.6563027106728967,2,1.0,3.6563027106728967
"o9_00320(0,0)",3.656334264492799,2,1.0,3.656334264492799
"o9_00321(0,0)",3.656334264492798,2,1.0,3.656334264492798
"o9_00322(0,0)",3.6563406760207386,1,1.0,3.6563406760207386
"o9_00323(0,0)",3.6563460707203674,1,1.0,3.6563460707203674
"o9_00324(0,0)",3.6564528496738413,2,1.0,3.6564528496738413
"o9_00325(0,0)",3.6564528496738404,2,1.0,3.6564528496738404
"o9_00326(0,0)",3.656484379057416,2,1.0,3.656484379057416
"o9_00327(0,0)",3.656484379057416,2,1.0,3.656484379057416
"o9_00328(0,0)",3.6565427728152673,2,1.0,3.6565427728152673
"o9_00329(0,0)",3.6565427728152695,2,1.0,3.6565427728152695
"o9_00330(0,0)",3.656561155170131,2,1.0,3.656561155170131
"o9_00331(0,0)",3.656561155170128,2,1.0,3.656561155170128
"o9_00332(0,0)",3.65660425366413,1,1.0,3.65660425366413
"o9_00333(0,0)",3.656614144035936,1,1.0,3.656614144035936
"o9_00334(0,0)",3.6566959870370446,2,1.0,3.6566959870370446
"o9_00335(0,0)",3.656695987037041,2,1.0,3.656695987037041
"o9_00336(0,0)",3.6567015066294015,2,1.0,3.6567015066294015
"o9_00337(0,0)",3.6567015066294015,2,1.0,3.6567015066294015
"o9_00338(0,0)",3.656709105191238,1,1.0,3.656709105191238
"o9_00339(0,0)",3.6567218238146757,1,1.0,3.6567218238146757
"o9_00340(0,0)",3.6567764202315964,1,1.0,3.6567764202315964
"o9_00341(0,0)",3.6567888102972117,1,1.0,3.6567888102972117
"o9_00342(0,0)",3.656873339523483,2,1.0,3.656873339523483
"o9_00343(0,0)",3.656873339523484,2,1.0,3.656873339523484
"o9_00344(0,0)",3.6568777807755732,2,1.0,3.6568777807755732
"o9_00345(0,0)",3.656877780775576,2,1.0,3.656877780775576
"o9_00346(0,0)",3.656892371459075,1,1.0,3.656892371459075
"o9_00347(0,0)",3.656900839953928,2,1.0,3.656900839953928
"o9_00348(0,0)",3.656900839953928,2,1.0,3.656900839953928
"o9_00349(0,0)",3.656903603933157,1,1.0,3.656903603933157
"o9_00350(0,0)",3.656951014651905,1,1.0,3.656951014651905
"o9_00351(0,0)",3.656957006416418,1,1.0,3.656957006416418
"o9_00352(0,0)",3.6569718503416837,1,1.0,3.6569718503416837
"o9_00353(0,0)",3.6569807599605,1,1.0,3.6569807599605
"o9_00354(0,0)",3.657018667906613,2,1.0,3.657018667906613
"o9_00355(0,0)",3.657018667906618,2,1.0,3.657018667906618
"o9_00356(0,0)",3.6570270418543753,2,1.0,3.6570270418543753
"o9_00357(0,0)",3.6570343230252282,1,1.0,3.6570343230252282
"o9_00358(0,0)",3.6570457110962415,2,1.0,3.6570457110962415
"o9_00359(0,0)",3.6570457110962407,2,1.0,3.6570457110962407
"o9_00360(0,0)",3.6570497564767237,1,1.0,3.6570497564767237
"o9_00361(0,0)",3.6570535226131895,2,1.0,3.6570535226131895
"o9_00362(0,0)",3.6570535226131886,2,1.0,3.6570535226131886
"o9_00363(0,0)",3.6570598261296077,2,1.0,3.6570598261296077
"o9_00364(0,0)",3.657120210101574,1,1.0,3.657120210101574
"o9_00365(0,0)",3.657124785483246,2,1.0,3.657124785483246
"o9_00366(0,0)",3.65712478548324,2,1.0,3.65712478548324
"o9_00367(0,0)",3.657131359227524,2,1.0,3.657131359227524
"o9_00368(0,0)",3.6571398062849236,1,1.0,3.6571398062849236
"o9_00369(0,0)",3.657149616909654,1,1.0,3.657149616909654
"o9_00370(0,0)",3.6572282613911464,2,1.0,3.6572282613911464
"o9_00371(0,0)",3.6572282613911473,2,1.0,3.6572282613911473
"o9_00372(0,0)",3.6572341979059577,1,1.0,3.6572341979059577
"o9_00373(0,0)",3.6572415212087055,2,1.0,3.6572415212087055
"o9_00374(0,0)",3.6572415212087037,2,1.0,3.6572415212087037
"o9_00375(0,0)",3.6572442273604633,2,1.0,3.6572442273604633
"o9_00376(0,0)",3.657315137501802,2,1.0,3.657315137501802
"o9_00377(0,0)",3.657315137501801,2,1.0,3.657315137501801
"o9_00378(0,0)",3.6573201999150533,2,1.0,3.6573201999150533
"o9_00379(0,0)",3.657320199915057,2,1.0,3.657320199915057
"o9_00380(0,0)",3.657350847930855,1,1.0,3.657350847930855
"o9_00381(0,0)",3.65736030335746,1,1.0,3.65736030335746
"o9_00382(0,0)",3.657422764757512,2,1.0,3.657422764757512
"o9_00383(0,0)",3.657422764757509,2,1.0,3.657422764757509
"o9_00384(0,0)",3.6574370305176207,1,1.0,3.6574370305176207
"o9_00385(0,0)",3.657442039472961,1,1.0,3.657442039472961
"o9_00386(0,0)",3.657475449375931,2,1.0,3.657475449375931
"o9_00387(0,0)",3.6574754493759305,2,1.0,3.6574754493759305
"o9_00388(0,0)",3.6575027957558426,1,1.0,3.6575027957558426
"o9_00389(0,0)",3.6575089069643174,1,1.0,3.6575089069643174
"o9_00390(0,0)",3.6575511861808856,2,1.0,3.6575511861808856
"o9_00391(0,0)",3.6575610502961258,1,1.0,3.6575610502961258
"o9_00392(0,0)",3.6575735073499724,2,1.0,3.6575735073499724
"o9_00393(0,0)",3.6575735073499747,2,1.0,3.6575735073499747
"o9_00394(0,0)",3.6575829163455933,2,1.0,3.6575829163455933
"o9_00395(0,0)",3.6575829163455955,2,1.0,3.6575829163455955
"o9_00396(0,0)",3.657614844922138,2,1.0,3.657614844922138
"o9_00397(0,0)",3.6576148449221373,2,1.0,3.6576148449221373
"o9_00398(0,0)",3.6577009845112927,2,1.0,3.6577009845112927
"o9_00399(0,0)",3.6577009845112913,2,1.0,3.6577009845112913
"o9_00400(0,0)",3.6577045860300545,2,1.0,3.6577045860300545
"o9_00401(0,0)",3.6577045860300537,2,1.0,3.6577045860300537
"o9_00402(0,0)",3.657758294450455,1,1.0,3.657758294450455
"o9_00403(0,0)",3.6577643448570676,1,1.0,3.6577643448570676
"o9_00404(0,0)",3.6578146624300594,2,1.0,3.6578146624300594
"o9_00405(0,0)",3.6578146624300585,2,1.0,3.6578146624300585
"o9_00406(0,0)",3.6578270993512696,2,1.0,3.6578270993512696
"o9_00407(0,0)",3.6578270993512696,2,1.0,3.6578270993512696
"o9_00408(0,0)",3.6578394711070374,2,1.0,3.6578394711070374
"o9_00409(0,0)",3.6578394711070357,2,1.0,3.6578394711070357
"o9_00410(0,0)",3.657873750121514,1,1.0,3.657873750121514
"o9_00411(0,0)",3.657877962638473,1,1.0,3.657877962638473
"o9_00412(0,0)",3.6580746771115646,2,1.0,3.6580746771115646
"o9_00413(0,0)",3.6580746771115593,2,1.0,3.6580746771115593
"o9_00414(0,0)",3.658083171050371,1,1.0,3.658083171050371
"o9_00415(0,0)",3.6580896942522334,1,1.0,3.6580896942522334
"o9_00416(0,0)",3.6581065046721912,2,1.0,3.6581065046721912
"o9_00417(0,0)",3.6581065046721952,2,1.0,3.6581065046721952
"o9_00418(0,0)",3.6581104142029055,1,1.0,3.6581104142029055
"o9_00419(0,0)",3.658118519495075,1,1.0,3.658118519495075
"o9_00420(0,0)",3.658124610028857,1,1.0,3.658124610028857
"o9_00421(0,0)",3.658131829424659,1,1.0,3.658131829424659
"o9_00422(0,0)",3.6581498113426583,2,1.0,3.6581498113426583
"o9_00423(0,0)",3.658149811342658,2,1.0,3.658149811342658
"o9_00424(0,0)",3.6581696552905405,2,1.0,3.6581696552905405
"o9_00425(0,0)",3.6581696552905414,2,1.0,3.6581696552905414
"o9_00426(0,0)",3.6581958988411363,2,1.0,3.6581958988411363
"o9_00427(0,0)",3.658195898841135,2,1.0,3.658195898841135
"o9_00428(0,0)",3.6582002847429225,2,1.0,3.6582002847429225
"o9_00429(0,0)",3.6582002847429234,2,1.0,3.6582002847429234
"o9_00430(0,0)",3.658228362508287,2,1.0,3.658228362508287
"o9_00431(0,0)",3.658228362508292,2,1.0,3.658228362508292
"o9_00432(0,0)",3.658237272041244,2,1.0,3.658237272041244
"o9_00433(0,0)",3.658237272041246,2,1.0,3.658237272041246
"o9_00434(0,0)",3.658259315256909,2,1.0,3.658259315256909
"o9_00435(0,0)",3.658259315256912,2,1.0,3.658259315256912
"o9_00436(0,0)",3.6582675941740717,2,1.0,3.6582675941740717
"o9_00437(0,0)",3.658271156848216,1,1.0,3.658271156848216
"o9_00438(0,0)",3.658304451419326,1,1.0,3.658304451419326
"o9_00439(0,0)",3.658312162493083,1,1.0,3.658312162493083
"o9_00440(0,0)",3.658315273999944,2,1.0,3.658315273999944
"o9_00441(0,0)",3.658315273999944,2,1.0,3.658315273999944
"o9_00442(0,0)",3.6583175297963786,1,1.0,3.6583175297963786
"o9_00443(0,0)",3.6583219061728074,1,1.0,3.6583219061728074
"o9_00444(0,0)",3.658382723222393,1,1.0,3.658382723222393
"o9_00445(0,0)",3.6583892168279775,1,1.0,3.6583892168279775
"o9_00446(0,0)",3.658405754080489,1,1.0,3.658405754080489
"o9_00447(0,0)",3.658413168345858,2,1.0,3.658413168345858
"o9_00448(0,0)",3.6584327190428203,2,1.0,3.6584327190428203
"o9_00449(0,0)",3.65843271904282,2,1.0,3.65843271904282
"o9_00450(0,0)",3.6584507938787514,1,1.0,3.6584507938787514
"o9_00451(0,0)",3.658451563887408,2,1.0,3.658451563887408
"o9_00452(0,0)",3.6584563770250584,2,1.0,3.6584563770250584
"o9_00453(0,0)",3.6584581991716436,1,1.0,3.6584581991716436
"o9_00454(0,0)",3.6584598320581465,2,1.0,3.6584598320581465
"o9_00455(0,0)",3.6584598320581447,2,1.0,3.6584598320581447
"o9_00456(0,0)",3.6584614767916737,2,1.0,3.6584614767916737
"o9_00457(0,0)",3.6584614767916745,2,1.0,3.6584614767916745
"o9_00458(0,0)",3.6585109550825807,2,1.0,3.6585109550825807
"o9_00459(0,0)",3.658510955082583,2,1.0,3.658510955082583
"o9_00460(0,0)",3.658521174377064,2,1.0,3.658521174377064
"o9_00461(0,0)",3.6585211743770625,2,1.0,3.6585211743770625
"o9_00462(0,0)",3.658559318420233,2,1.0,3.658559318420233
"o9_00463(0,0)",3.6585593184202336,2,1.0,3.6585593184202336
"o9_00464(0,0)",3.658656823334245,2,1.0,3.658656823334245
"o9_00465(0,0)",3.658656823334244,2,1.0,3.658656823334244
"o9_00466(0,0)",3.658659002401012,1,1.0,3.658659002401012
"o9_00467(0,0)",3.658660573890194,2,1.0,3.658660573890194
"o9_00468(0,0)",3.658660573890192,2,1.0,3.658660573890192
"o9_00469(0,0)",3.6586615491121433,2,1.0,3.6586615491121433
"o9_00470(0,0)",3.6586615491121433,2,1.0,3.6586615491121433
"o9_00471(0,0)",3.658664373715993,1,1.0,3.658664373715993
"o9_00472(0,0)",3.6586750800835253,2,1.0,3.6586750800835253
"o9_00473(0,0)",3.6586750800835226,2,1.0,3.6586750800835226
"o9_00474(0,0)",3.658681079644568,1,1.0,3.658681079644568
"o9_00475(0,0)",3.6586876868804614,1,1.0,3.6586876868804614
"o9_00476(0,0)",3.6587216400762985,1,1.0,3.6587216400762985
"o9_00477(0,0)",3.658725965372297,1,1.0,3.658725965372297
"o9_00478(0,0)",3.6587267171367532,2,1.0,3.6587267171367532
"o9_00479(0,0)",3.6587267171367532,2,1.0,3.6587267171367532
"o9_00480(0,0)",3.658763924199041,1,1.0,3.658763924199041
"o9_00481(0,0)",3.6587703917463115,1,1.0,3.6587703917463115
"o9_00482(0,0)",3.6588089096533736,1,1.0,3.6588089096533736
"o9_00483(0,0)",3.658812046184451,1,1.0,3.658812046184451
"o9_00484(0,0)",3.6588492827819636,2,1.0,3.6588492827819636
"o9_00485(0,0)",3.6588555577038155,1,1.0,3.6588555577038155
"o9_00486(0,0)",3.658855717402443,2,1.0,3.658855717402443
"o9_00487(0,0)",3.6588557174024423,2,1.0,3.6588557174024423
"o9_00488(0,0)",3.6588796859114665,2,1.0,3.6588796859114665
"o9_00489(0,0)",3.6588796859114647,2,1.0,3.6588796859114647
"o9_00490(0,0)",3.658907053261202,2,1.0,3.658907053261202
"o9_00491(0,0)",3.6589070532612045,2,1.0,3.6589070532612045
"o9_00492(0,0)",3.6589080001545025,1,1.0,3.6589080001545025
"o9_00493(0,0)",3.658913427806759,1,1.0,3.658913427806759
"o9_00494(0,0)",3.6589141986195486,2,1.0,3.6589141986195486
"o9_00495(0,0)",3.6589141986195406,2,1.0,3.6589141986195406
"o9_00496(0,0)",3.6589367258458783,1,1.0,3.6589367258458783
"o9_00497(0,0)",3.6589367741912024,1,1.0,3.6589367741912024
"o9_00498(0,0)",3.658942092940185,2,1.0,3.658942092940185
"o9_00499(0,0)",3.65894281143294,2,1.0,3.65894281143294
"o9_00500(0,0)",3.6589449263533083,2,1.0,3.6589449263533083
"o9_00501(0,0)",3.6589449263533114,2,1.0,3.6589449263533114
"o9_00502(0,0)",3.6589515758780795,2,1.0,3.6589515758780795
"o9_00503(0,0)",3.6589515758780817,2,1.0,3.6589515758780817
"o9_00504(0,0)",3.659014483423279,2,1.0,3.659014483423279
"o9_00505(0,0)",3.6590144834232747,2,1.0,3.6590144834232747
"o9_00506(0,0)",3.659033558417902,1,1.0,3.659033558417902
"o9_00507(0,0)",3.659037276092325,2,1.0,3.659037276092325
"o9_00508(0,0)",3.659044964699176,2,1.0,3.659044964699176
"o9_00509(0,0)",3.6590498766990693,1,1.0,3.6590498766990693
"o9_00510(0,0)",3.659094341432223,2,1.0,3.659094341432223
"o9_00511(0,0)",3.659094341432224,2,1.0,3.659094341432224
"o9_00512(0,0)",3.6591272800998755,2,1.0,3.6591272800998755
"o9_00513(0,0)",3.659127280099873,2,1.0,3.659127280099873
"o9_00514(0,0)",3.659139491480921,2,1.0,3.659139491480921
"o9_00515(0,0)",3.6591394914809214,2,1.0,3.6591394914809214
"o9_00516(0,0)",3.6591557259333687,1,1.0,3.6591557259333687
"o9_00517(0,0)",3.6591589445981487,1,1.0,3.6591589445981487
"o9_00518(0,0)",3.6591688378899505,2,1.0,3.6591688378899505
"o9_00519(0,0)",3.6591688378899483,2,1.0,3.6591688378899483
"o9_00520(0,0)",3.659171595909641,2,1.0,3.659171595909641
"o9_00521(0,0)",3.6591766071596354,1,1.0,3.6591766071596354
"o9_00522(0,0)",3.659231425859769,2,1.0,3.659231425859769
"o9_00523(0,0)",3.659231425859771,2,1.0,3.659231425859771
"o9_00524(0,0)",3.659254486031945,2,1.0,3.659254486031945
"o9_00525(0,0)",3.6592544860319425,2,1.0,3.6592544860319425
"o9_00526(0,0)",3.65926072401744,1,1.0,3.65926072401744
"o9_00527(0,0)",3.6592647403173917,1,1.0,3.6592647403173917
"o9_00528(0,0)",3.659317857199917,1,1.0,3.659317857199917
"o9_00529(0,0)",3.6593219432997093,2,1.0,3.6593219432997093
"o9_00530(0,0)",3.659321943299708,2,1.0,3.659321943299708
"o9_00531(0,0)",3.659323014017721,1,1.0,3.659323014017721
"o9_00532(0,0)",3.6593593411873875,2,1.0,3.6593593411873875
"o9_00533(0,0)",3.659359341187385,2,1.0,3.659359341187385
"o9_00534(0,0)",3.65939389198998,1,1.0,3.65939389198998
"o9_00535(0,0)",3.6593945993784978,2,1.0,3.6593945993784978
"o9_00536(0,0)",3.6593969158929323,1,1.0,3.6593969158929323
"o9_00537(0,0)",3.65939833103581,2,1.0,3.65939833103581
"o9_00538(0,0)",3.6594242278228553,1,1.0,3.6594242278228553
"o9_00539(0,0)",3.6594291235093097,2,1.0,3.6594291235093097
"o9_00540(0,0)",3.6594870321860444,1,1.0,3.6594870321860444
"o9_00541(0,0)",3.659491116883753,1,1.0,3.659491116883753
"o9_00542(0,0)",3.6595800997802517,1,1.0,3.6595800997802517
"o9_00543(0,0)",3.6595838315028493,1,1.0,3.6595838315028493
"o9_00544(0,0)",3.6596728605578686,1,1.0,3.6596728605578686
"o9_00545(0,0)",3.6596762448637365,1,1.0,3.6596762448637365
"o9_00546(0,0)",3.6596869070977713,2,1.0,3.6596869070977713
"o9_00547(0,0)",3.6596869070977736,2,1.0,3.6596869070977736
"o9_00548(0,0)",3.6596908933902017,2,1.0,3.6596908933902017
"o9_00549(0,0)",3.6596908933902013,2,1.0,3.6596908933902013
"o9_00550(0,0)",3.6597104367755344,1,1.0,3.6597104367755344
"o9_00551(0,0)",3.659714231148396,1,1.0,3.659714231148396
"o9_00552(0,0)",3.6597237526863022,1,1.0,3.6597237526863022
"o9_00553(0,0)",3.6597280288463616,1,1.0,3.6597280288463616
"o9_00554(0,0)",3.659739375884423,2,1.0,3.659739375884423
"o9_00555(0,0)",3.6597393758844223,2,1.0,3.6597393758844223
"o9_00556(0,0)",3.659745064333787,2,1.0,3.659745064333787
"o9_00557(0,0)",3.659745064333792,2,1.0,3.659745064333792
"o9_00558(0,0)",3.6597566179436583,2,1.0,3.6597566179436583
"o9_00559(0,0)",3.6597607769855873,1,1.0,3.6597607769855873
"o9_00560(0,0)",3.65979284704339,2,1.0,3.65979284704339
"o9_00561(0,0)",3.6597928470433922,2,1.0,3.6597928470433922
"o9_00562(0,0)",3.6598173559280878,1,1.0,3.6598173559280878
"o9_00563(0,0)",3.659819774166799,1,1.0,3.659819774166799
"o9_00564(0,0)",3.659870994762667,1,1.0,3.659870994762667
"o9_00565(0,0)",3.6598744183797223,1,1.0,3.6598744183797223
"o9_00566(0,0)",3.659875893938603,1,1.0,3.659875893938603
"o9_00567(0,0)",3.659879862948153,1,1.0,3.659879862948153
"o9_00568(0,0)",3.659884919347273,2,1.0,3.659884919347273
"o9_00569(0,0)",3.6598849193472685,2,1.0,3.6598849193472685
"o9_00570(0,0)",3.6599384222877576,2,1.0,3.6599384222877576
"o9_00571(0,0)",3.6599384222877562,2,1.0,3.6599384222877562
"o9_00572(0,0)",3.659947273094197,1,1.0,3.659947273094197
"o9_00573(0,0)",3.659948756649961,2,1.0,3.659948756649961
"o9_00574(0,0)",3.6599487566499596,2,1.0,3.6599487566499596
"o9_00575(0,0)",3.65994968033861,1,1.0,3.65994968033861
"o9_00576(0,0)",3.6599641475392812,1,1.0,3.6599641475392812
"o9_00577(0,0)",3.659965659703173,2,1.0,3.659965659703173
"o9_00578(0,0)",3.6599656597031744,2,1.0,3.6599656597031744
"o9_00579(0,0)",3.6599679204815776,1,1.0,3.6599679204815776
"o9_00580(0,0)",3.660036878198084,1,1.0,3.660036878198084
"o9_00581(0,0)",3.660038989035526,1,1.0,3.660038989035526
"o9_00582(0,0)",3.660123741260449,2,1.0,3.660123741260449
"o9_00583(0,0)",3.6601237412604446,2,1.0,3.6601237412604446
"o9_00584(0,0)",3.660157237424445,1,1.0,3.660157237424445
"o9_00585(0,0)",3.660160008511559,2,1.0,3.660160008511559
"o9_00586(0,0)",3.6602065963423627,1,1.0,3.6602065963423627
"o9_00587(0,0)",3.6602094867818833,1,1.0,3.6602094867818833
"o9_00588(0,0)",3.660238972981326,2,1.0,3.660238972981326
"o9_00589(0,0)",3.6602422085750868,1,1.0,3.6602422085750868
"o9_00590(0,0)",3.6602593618397194,2,1.0,3.6602593618397194
"o9_00591(0,0)",3.6602593618397155,2,1.0,3.6602593618397155
"o9_00592(0,0)",3.6602874803590773,1,1.0,3.6602874803590773
"o9_00593(0,0)",3.660290658973792,1,1.0,3.660290658973792
"o9_00594(0,0)",3.6603194847546283,2,1.0,3.6603194847546283
"o9_00595(0,0)",3.6603194847546217,2,1.0,3.6603194847546217
"o9_00596(0,0)",3.6603487254259335,2,1.0,3.6603487254259335
"o9_00597(0,0)",3.66035057649836,1,1.0,3.66035057649836
"o9_00598(0,0)",3.6603917264174655,2,1.0,3.6603917264174655
"o9_00599(0,0)",3.6603942893180643,1,1.0,3.6603942893180643
"o9_00600(0,0)",3.6603943437004984,2,1.0,3.6603943437004984
"o9_00601(0,0)",3.660394343700504,2,1.0,3.660394343700504
"o9_00602(0,0)",3.660411252661655,1,1.0,3.660411252661655
"o9_00603(0,0)",3.660414206616616,1,1.0,3.660414206616616
"o9_00604(0,0)",3.660446528468847,2,1.0,3.660446528468847
"o9_00605(0,0)",3.660446528468849,2,1.0,3.660446528468849
"o9_00606(0,0)",3.6604542463008536,1,1.0,3.6604542463008536
"o9_00607(0,0)",3.6604560870951306,1,1.0,3.6604560870951306
"o9_00608(0,0)",3.660495305069075,2,1.0,3.660495305069075
"o9_00609(0,0)",3.660495305069073,2,1.0,3.660495305069073
"o9_00610(0,0)",3.6605050920721043,1,1.0,3.6605050920721043
"o9_00611(0,0)",3.66050790704954,1,1.0,3.66050790704954
"o9_00612(0,0)",3.6605232920240276,1,1.0,3.6605232920240276
"o9_00613(0,0)",3.6605254605437225,1,1.0,3.6605254605437225
"o9_00614(0,0)",3.6605722268035352,2,1.0,3.6605722268035352
"o9_00615(0,0)",3.660572226803533,2,1.0,3.660572226803533
"o9_00616(0,0)",3.660625129709698,2,1.0,3.660625129709698
"o9_00617(0,0)",3.66062722991512,1,1.0,3.66062722991512
"o9_00618(0,0)",3.660700830743715,2,1.0,3.660700830743715
"o9_00619(0,0)",3.660700830743716,2,1.0,3.660700830743716
"o9_00620(0,0)",3.660750165281867,2,1.0,3.660750165281867
"o9_00621(0,0)",3.6607501652818724,2,1.0,3.6607501652818724
"o9_00622(0,0)",3.660871369235803,1,1.0,3.660871369235803
"o9_00623(0,0)",3.6608731804467878,1,1.0,3.6608731804467878
"o9_00624(0,0)",3.6609071643460176,1,1.0,3.6609071643460176
"o9_00625(0,0)",3.6609090459344076,1,1.0,3.6609090459344076
"o9_00626(0,0)",3.660925679990109,1,1.0,3.660925679990109
"o9_00627(0,0)",3.6609273487647314,1,1.0,3.6609273487647314
"o9_00628(0,0)",3.6609284313214294,2,1.0,3.6609284313214294
"o9_00629(0,0)",3.6609297107181216,1,1.0,3.6609297107181216
"o9_00630(0,0)",3.6609730493525303,2,1.0,3.6609730493525303
"o9_00631(0,0)",3.6609730493525308,2,1.0,3.6609730493525308
"o9_00632(0,0)",3.6610096988740812,1,1.0,3.6610096988740812
"o9_00633(0,0)",3.6610113192386993,1,1.0,3.6610113192386993
"o9_00634(0,0)",3.661013857795188,1,1.0,3.661013857795188
"o9_00635(0,0)",3.6610158720478823,1,1.0,3.6610158720478823
"o9_00636(0,0)",3.661281244016659,2,1.0,3.661281244016659
"o9_00637(0,0)",3.6612812440166573,2,1.0,3.6612812440166573
"o9_00638(0,0)",3.661501095252882,1,1.0,3.661501095252882
"o9_00639(0,0)",3.6615022098931544,1,1.0,3.6615022098931544
"o9_00640(0,0)",3.859149180847865,2,1.0,3.859149180847865
"o9_00641(0,0)",3.942702481428748,1,1.0,3.942702481428748
"o9_00642(0,0)",3.9427024814287495,1,1.0,3.9427024814287495
"o9_00643(0,0)",3.965761460889536,1,1.0,3.965761460889536
"o9_00644(0,0)",3.9719037149232572,1,1.0,3.9719037149232572
"o9_00645(0,0)",3.9783158395701417,1,1.0,3.9783158395701417
"o9_00646(0,0)",3.988697994349052,1,1.0,3.988697994349052
"o9_00647(0,0)",3.9977185165063767,1,1.0,3.9977185165063767
"o9_00648(0,0)",3.9994729394872035,1,1.0,3.9994729394872035
