Time,Torsion,Entropy,Phase
0,0.1,1.0,0.0
1,0.12563247228169516,1.0099588123624537,0.0033323856635420522
2,0.16745755084209013,1.0227008100399408,0.0076748178384866955
3,0.1911693144394058,1.0286930765829485,0.012576418256688919
4,0.2246406031863142,1.0539855566046972,0.018079716198403702
5,0.254771700662671,1.0604286132370637,0.024235390733114384
6,0.2745393098199506,1.0683956605676164,0.03076262754589281
7,0.27948305426772163,1.0843704596991905,0.03721040370254717
8,0.2972336446752242,1.0809142212817235,0.044100638321577956
9,0.32390221113723605,1.0854297240324904,0.05152476540609486
10,0.33310580674353035,1.0922628969396166,0.05905311035698584
11,0.3538719356952566,1.1232683689036989,0.0665510022261045
12,0.3612613670426106,1.1412702718888885,0.0739106302548429
13,0.3831925907281138,1.1534991677500548,0.08148721012364984
14,0.4072141225348453,1.1606834029835558,0.0893827779168026
15,0.42423282954798675,1.174479655995926,0.09732755366487324
16,0.4620567682693276,1.1890436767976134,0.1056314542669481
17,0.4701070351276412,1.211198211499991,0.11360162405200092
18,0.4754935027388357,1.242072746216531,0.1209909551245485
19,0.4720385623964801,1.2670502451597614,0.12779096577308957
20,0.488962019416894,1.2765035277042112,0.13460324028245566
21,0.5051788585353262,1.3073736830258418,0.14090412801952834
22,0.5151871539938893,1.3304153984524187,0.14676901984671
23,0.5198923428767845,1.3402650645071483,0.1524446779168486
24,0.5418883033177351,1.3604980121999568,0.15782791006256416
25,0.534695484337225,1.3897219295063872,0.16241632567313383
26,0.5398489869774998,1.4184417217264458,0.16631675785165276
27,0.5535540439388742,1.4373728247539257,0.16981349057733333
28,0.5695182446538606,1.4739685115326382,0.17242001883755464
29,0.5712599500260525,1.4925376560920536,0.17453355325279263
30,0.5849243419808755,1.5228849090702403,0.17585572892852674
31,0.5854624066985854,1.5456999818790333,0.17654904912825353
32,0.5747550259881882,1.5622658740056767,0.17678091647485786
33,0.5887439437404652,1.5975725919327344,0.1760375397164389
34,0.5974406194378861,1.6246183345202765,0.1745244504176472
35,0.5882996205844783,1.6563611086931018,0.17215314914970678
36,0.5994069656449408,1.6877224299915359,0.16886244924063293
37,0.6092204094414606,1.7155718156884439,0.1647346726719706
38,0.6102259209349611,1.7179857794588365,0.16053251911850797
39,0.5999029195305795,1.7475088811975072,0.15557017757720323
40,0.5712375164234194,1.7766546063011355,0.15004429453683496
41,0.5645882724984492,1.8014915624999022,0.14392701167194089
42,0.54797285051439,1.8430239044615673,0.136923314110682
43,0.5295113976953545,1.860986866508626,0.1296968120988295
44,0.5184921686206188,1.8953964732533946,0.12179419236707924
45,0.5076783510096505,1.9148774236410568,0.11359450479882792
46,0.5004982120457627,1.9401556854669297,0.10493254947573646
47,0.47917068706130045,1.9571282895926183,0.09624664670737701
48,0.44569587436640745,1.9762593790844556,0.08774467807730596
49,0.42858421155907256,2.0007748758377217,0.07908285225756709
50,0.40539577501792445,2.021605184497038,0.07049135350363445
51,0.37940463552438797,2.0271706014400275,0.06233037291076412
52,0.34934704504306924,2.042261831763452,0.05455722508214271
53,0.33067793379448523,2.0577631929634177,0.04696046467328428
54,0.3090263372339785,2.0928592673733872,0.039377418450840744
55,0.2833484111421902,2.1106413332931857,0.0321923728461829
56,0.25738312007739145,2.1054322262432015,0.025707338952699374
57,0.2565391521343203,2.118762065742424,0.01909816582375487
58,0.23350703099771677,2.1295251806091087,0.012965051234553417
59,0.19531481142354448,2.1407476025514325,0.0077289848128904775
60,0.17585459039514514,2.161879599215033,0.002854356507734839
61,0.13889767427628877,2.1785373992732344,-0.0010985337196142203
62,0.09632843991789448,2.19948791685858,-0.003926630520856657
63,0.0888286450392905,2.210165464515869,-0.006573301856785195
64,0.05333120221325939,2.2046956949460825,-0.008151933015130897
65,0.018681892287085475,2.20835750484138,-0.008707908814992888
66,-0.010394352892058381,2.193784910810812,-0.008404677268586964
67,-0.0348316738991114,2.1826421653875028,-0.007404549695792494
68,-0.048051300912496105,2.1717066914902787,-0.006046677484576183
69,-0.0795415958605169,2.161472517972652,-0.0038340860393935795
70,-0.11969637754649079,2.1656348027683316,-0.0004883458413078956
71,-0.1346436990690345,2.161938863975286,0.0032522423345567215
72,-0.1606628624933338,2.13915216945943,0.007557480879976461
73,-0.17975698889119385,2.133752369026728,0.012328401184105157
74,-0.21964597479016443,2.1124433377581844,0.01794488667204082
75,-0.24245352552192603,2.1067685475587017,0.024075185918927176
76,-0.2645229018952835,2.0972692205077355,0.03064391681932672
77,-0.28732471446049956,2.077396533564165,0.037519003854830715
78,-0.3187285926613174,2.0661578768532474,0.04496677083094504
79,-0.33775775209993497,2.0691476498737016,0.05288620648912688
80,-0.3550911178921849,2.0406659966061267,0.06075706653869264
81,-0.36985877601824746,2.0135353898956327,0.0685003385463098
82,-0.39948640100506466,2.0070471576167423,0.07671767033469332
83,-0.416485812356027,1.9972336571608105,0.08508435045675833
84,-0.4181993734803595,1.9852267999621134,0.09326085334396854
85,-0.44587016921016726,1.9624671357643035,0.10149184520697885
86,-0.4731149335643164,1.9320098344059764,0.10954360046945644
87,-0.48737389839292256,1.9084557543248095,0.11730063098961696
88,-0.4956660456561631,1.887807303703963,0.12471379483573108
89,-0.4967170985370427,1.8641564403628246,0.13160388636331283
90,-0.4839739275232871,1.8376827748697073,0.13773955573236227
91,-0.5057319729841336,1.8206744296686568,0.14372941144569873
92,-0.5132715413205495,1.7857431089515359,0.14896613271845166
93,-0.5167963081507275,1.758956988646539,0.1535872361243223
94,-0.5268772142109549,1.7389844965188035,0.15779588627295424
95,-0.5503955044595052,1.7053747333881328,0.16130466169320568
96,-0.5485401435958018,1.6747583656028713,0.1640102909914879
97,-0.5661862747764538,1.650827197593219,0.16615449775496316
98,-0.566330374278942,1.6257381391918297,0.1676276774829074
99,-0.5675388319853636,1.5900726167890675,0.1681457519361989
100,-0.5799322897762014,1.5637767861382503,0.16795342957911824
101,-0.5739734703620172,1.5399562948186114,0.16711629698542602
102,-0.5618936926661295,1.523638154823962,0.16586049318824683
103,-0.5689149083257032,1.483221976878574,0.1635046124274187
104,-0.5594039261003673,1.461436419976326,0.16060863129311956
105,-0.5154195085002932,1.4400528429930628,0.15739563083351207
106,-0.4975452862520143,1.421116753055985,0.1538370756494403
107,-0.4835753089095655,1.4067932765723812,0.1500415037154684
108,-0.4678221747062529,1.3803932092152162,0.1457743435984473
109,-0.46072762363409636,1.3501177804226987,0.14090837991122085
110,-0.4489642940169966,1.3230341460263328,0.13558637745181534
111,-0.4553751914061884,1.3244790965662785,0.13022447611294796
112,-0.4593106497080733,1.3093517333357743,0.12449495670752793
113,-0.43549732754821396,1.2824658993038411,0.11849710126546109
114,-0.43205717684376677,1.2620156314603939,0.11213440776143202
115,-0.41006633809440024,1.2339256032523493,0.10554567911471155
116,-0.3913749859904668,1.2066884285774275,0.09875348579514082
117,-0.38008519851268724,1.1880711573598297,0.09182599861580293
118,-0.35507351541789517,1.1909606188074626,0.08538095340053767
119,-0.33467057765891217,1.1533262281523913,0.0787223020995376
120,-0.3058737880279671,1.1302854613954314,0.07230226035442448
121,-0.2857010716534278,1.107303927985448,0.06600230240731843
122,-0.254689781416811,1.0982622920888978,0.060268733706118724
123,-0.23527758908119978,1.0736620675500845,0.05471005493638326
124,-0.21796544894192477,1.0572569676434513,0.04939842798653706
125,-0.18935247488315313,1.064099327066608,0.044831273403784296
126,-0.15590925972158975,1.0420793383722255,0.04091495094680059
127,-0.1203633104178686,1.05553698062037,0.037956591668721146
128,-0.10056762416864262,1.0343396361057966,0.03539094785997399
129,-0.08208963665683196,1.0419888381503835,0.03332254493886383
130,-0.04911809238432347,1.0423271588637748,0.03208474637084811
131,-0.024502749112802057,1.0306029369235876,0.03145471895330572
132,-0.009031532815678067,0.9969652486558768,0.031209582339881026
133,0.00563330882153232,0.9939879966402141,0.03136318818061431
134,0.01859946691278688,1.010593773630873,0.03185730828227066
135,0.04647476274697202,1.0071232484912804,0.033098422224883836
136,0.05883087333731366,1.0238588831012403,0.03462735992866406
137,0.08493689782027072,1.038430367767702,0.03678035406808428
138,0.11493659709042903,1.032857021670878,0.0397183637768283
139,0.1345527995883321,1.0405818038287822,0.04311039843079872
140,0.15598558469486604,1.0479871829827145,0.04698893018431209
141,0.18757269159033002,1.0568900460950235,0.05157231733708401
142,0.19977367153647574,1.0820739499473424,0.05623085489824879
143,0.2037277043154171,1.1133266591311983,0.06069891308341166
144,0.2316948452587221,1.1219248752015696,0.06568124299246944
145,0.24716530302019543,1.1362161643382003,0.07083162253559167
146,0.2632867749809836,1.1463677616251227,0.0761902840376632
147,0.29237280171063934,1.1534868872541855,0.08203119907053699
148,0.30570881871370265,1.1714682991486496,0.08788203027288946
149,0.3282217802680103,1.1955127581172518,0.09378986810481676
150,0.3528448875458559,1.219759391595461,0.09973143494192283
151,0.364436661722109,1.2287478827853038,0.10570896196298103
152,0.38731124293950325,1.2540419693462797,0.11159134080466086
153,0.4040587182880722,1.2727179628109166,0.1173644818330141
154,0.4128271970574597,1.3051522843522096,0.12263085720944
155,0.4239318092490949,1.3306832888025166,0.12752203310827348
156,0.44681019891911017,1.3490738459474825,0.1322730962531881
157,0.4659408084380222,1.3789325633870189,0.13655657207061306
158,0.4756852863276174,1.4144505273454868,0.14012191575631316
159,0.4803680999846397,1.4441674450528166,0.1430398989611981
160,0.4853812064378772,1.4705143909310299,0.14537528471886627
161,0.49633847369395784,1.494811629048568,0.14718277423712203
162,0.5210579264692567,1.5104398742350607,0.1486841282152934
163,0.5119320310313861,1.5252695978449138,0.14979883492241458
164,0.5221242081460089,1.5613438317891697,0.15003453998290886
165,0.528880280950826,1.5925211521598066,0.14948650168037425
166,0.518821581410899,1.6176270305804714,0.14832585908660872
167,0.509709284888572,1.6431779331036984,0.14656156622210337
168,0.5046227900491682,1.6773253057498998,0.14399121717790617
169,0.496092551436242,1.693244197851549,0.1410842789728597
170,0.48434820022198133,1.7211731513264201,0.13759644860436163
171,0.47929453658424315,1.7362325288468254,0.13379925239222806
172,0.4659909751774734,1.7617398604687424,0.129535645067666
173,0.4588222063092319,1.7794948942176871,0.12494756993307635
174,0.43438822444674446,1.7871586725181847,0.12043014444076039
175,0.42151984245379626,1.8010170063866056,0.11576192456493108
176,0.4248637853090537,1.8245834686882725,0.11058738086019754
177,0.41071082075342646,1.853769898973251,0.10501345204998329
178,0.38672491759303435,1.8735427936813185,0.09939111477252309
179,0.3689311867623383,1.8922155237298148,0.0936949002147052
180,0.3448632075581943,1.9134736464230995,0.08801519060796659
181,0.34339009921460845,1.9355705086692567,0.08200983590531725
182,0.329570299270561,1.951316967261002,0.07599984298367811
183,0.30698789857631226,1.9744002313484228,0.07006583505181567
184,0.2874770614776997,1.9917505927474892,0.06427279306480094
185,0.25931538379131286,2.0069040400934046,0.058857037805031105
186,0.2431746319724787,2.0199700861087018,0.05362933642877914
187,0.2310562702486108,2.046520775387741,0.04838530197374605
188,0.2004836659211346,2.0795028925134083,0.04353568387545398
189,0.17796468591956532,2.0981832654977697,0.03908100826846868
190,0.14471785056124878,2.1289326334835605,0.03526219670859745
191,0.11224361147414252,2.127746076833095,0.032301826724302485
192,0.08055609170856162,2.1121075232885937,0.030228703312580214
193,0.05629702087402724,2.108539646410468,0.02878770057010793
194,0.04944877377650492,2.114770570570714,0.027508634411814996
195,0.01780270393068683,2.1267462401711352,0.027038890025096792
196,-0.0036656240611874138,2.118652181635577,0.027134353309128844
197,-0.01139394102835782,2.1052665687727625,0.027424542295894933
198,-0.041554959234438006,2.116491285255002,0.028502608593708827
199,-0.05396684765340379,2.0972827899316755,0.02985786412486713
200,-0.06671362066404586,2.0934403586904375,0.03152171097589492
201,-0.09766601789063638,2.0741628748753067,0.03387356110599208
202,-0.12131507395776443,2.0693397706267374,0.036766772780606784
203,-0.13899391374422188,2.0587882299030276,0.04001467786116575
204,-0.16386036512457883,2.04118468553496,0.043711424957253005
205,-0.1813776017617276,2.034231238461503,0.047743234610318354
206,-0.21497518983541752,2.0323281498463097,0.05249309065700328
207,-0.22446443058851856,2.006320848674454,0.057188350002294934
208,-0.25304359678178656,1.9985147757815922,0.062380594346476845
209,-0.2726266438136783,2.0015087061608168,0.06800168388931215
210,-0.292827370251634,1.9998385781756176,0.07400582070712285
211,-0.29607396436102523,2.006013037985985,0.08015637537090468
212,-0.3074386008693134,1.9889350338182972,0.0863004387202802
213,-0.31405529637821283,1.9802578767129408,0.09244969233046006
214,-0.3271005541003273,1.9551627364907245,0.09847359020895108
215,-0.3634365415097746,1.9496820477809713,0.10504808941984366
216,-0.4023231356794772,1.9200750429001727,0.11174802512666637
217,-0.4122587213169633,1.8978031225954728,0.11818314119082315
218,-0.42757826766846946,1.892792701628471,0.12474445781615925
219,-0.4572023303607619,1.888345441563789,0.1316361927717206
220,-0.4733697649048999,1.8492396414708214,0.13790144569100188
221,-0.4874396750573359,1.8302858917657086,0.14391027351490318
222,-0.5011602374087885,1.7861932063015067,0.14904465591642996
223,-0.5051502695903567,1.7491263403062656,0.15333686333452562
224,-0.5234183833972271,1.7285953754186933,0.15726426035884816
225,-0.5418677677779723,1.6984645178634894,0.16054748549363368
226,-0.5386824275431279,1.6720508721625753,0.1631402564911048
227,-0.5386960431690823,1.6365433390804074,0.1648255089565161
228,-0.5499097542627018,1.605589905907557,0.16573449965130652
229,-0.5620015054565373,1.5783890878030988,0.16593679958054458
230,-0.5743599187851562,1.5462085488224055,0.1652689429287173
231,-0.5727780182360548,1.538690923747256,0.16439908607625
232,-0.5690332247360004,1.5045952296815912,0.16261687182738196
233,-0.5679352831121888,1.476531055802757,0.16008539516544482
234,-0.5556539196586567,1.4557780921748216,0.15705847949975069
235,-0.5556738619375504,1.4240981329934095,0.15320306117158264
236,-0.5713844439173725,1.3949718212180156,0.14847325001846262
237,-0.5489697017007042,1.3527800558013554,0.14283006539755394
238,-0.5406453981519365,1.3431393030813263,0.13702190762537586
239,-0.5262481154763685,1.3231704003051965,0.13086623612864173
240,-0.5027972166175589,1.3288445764795396,0.12509338094709493
241,-0.5003727219396332,1.3034714781489303,0.11875699446038103
242,-0.4851304729648058,1.2634193849678548,0.1117024584694994
243,-0.48422503188644145,1.2325396884328284,0.10397843669740002
244,-0.47844836072906866,1.2027978283581928,0.09569698087273432
245,-0.45164453044686786,1.1966491285063,0.08772139602406967
246,-0.41857114618296004,1.1747471141960524,0.07988135169113433
247,-0.4078951683738868,1.155198028940563,0.07187366382013764
248,-0.382319199420991,1.1505953666375293,0.06426401569696497
249,-0.36382538923573854,1.1215692436724916,0.05653723735551818
250,-0.35593991487071047,1.095020470305599,0.048556746943589954
251,-0.31394433481648387,1.0868586698085787,0.041372712316971615
252,-0.2850512290346331,1.057432365263088,0.03446753828451005
253,-0.2653669649655605,1.036865608898551,0.027793972147382457
254,-0.24856082874798888,1.0178284993740052,0.02133358329323112
255,-0.2306095764642395,1.006013252022472,0.015216650726397073
256,-0.20435032801668818,0.997289270017245,0.009711320932275506
257,-0.1862968987062079,0.9847532371236931,0.0045893198079262594
258,-0.15108955053636627,0.9697244664565923,0.00033329637393987414
259,-0.13258876331522335,0.9672078703519241,-0.0034185607347914297
260,-0.09669486645693062,0.961591162185028,-0.006180768131370646
261,-0.06265047483519448,0.9400698965884601,-0.008026908039138603
262,-0.027457909247551475,0.9303131840905327,-0.008847223801920245
263,-0.015627585336186273,0.9213078695689576,-0.009319766413547294
264,0.015092218913313802,0.9042510977278544,-0.008853227523829414
265,0.0369627707746632,0.9076029050441341,-0.007715705046664162
266,0.05112939514187547,0.9158365473639436,-0.006159167802481606
267,0.06947560044413875,0.9177311054198641,-0.004050114261380135
268,0.100330773754977,0.9146837304639958,-0.0009949506453121753
269,0.12698727872929338,0.9110877234333233,0.0028860392729257757
270,0.15186269127733992,0.9274829644864322,0.00742329252678841
271,0.17055811234268392,0.9434038679782892,0.0124052419217359
272,0.21432558817168107,0.9571885292430601,0.018528765426857954
273,0.23514767809307457,0.9431065090115843,0.0253701431980399
274,0.2624810490680151,0.9605265603852046,0.032805320128549253
275,0.2850956248386509,0.9772118900761282,0.04067095929195459
276,0.31150564731997143,0.9921402488258763,0.049051976940577585
277,0.34139482083532197,1.0191426778729238,0.057825394460077166
278,0.36348086566843424,1.0392587915517155,0.06683557503847572
279,0.384498250761096,1.0521592204944408,0.07613222399091191
280,0.4050732525251617,1.074858445372467,0.08550865016444452
281,0.44962009793817637,1.097460498235684,0.09541497570839623
282,0.46915275656752836,1.1279029163210201,0.10510313155621233
283,0.4864997776577157,1.1625215929200063,0.11438431286814821
284,0.49627023745065874,1.1655170800855004,0.12377100549981554
285,0.5124688726764912,1.1706166127226676,0.13332224709662943
286,0.5487124389813046,1.1953173191126605,0.14288605842449403
287,0.564857344060614,1.2246660487819514,0.15196627671267354
288,0.5597089978648357,1.2597248708429543,0.16009174602166157
289,0.582721592034382,1.2886279975433905,0.1677529697827478
290,0.6080810765607821,1.3013570558077847,0.1753566294872225
291,0.6172377464458406,1.333306698110089,0.18216497534340367
292,0.6517078480740108,1.368573757174948,0.18825611682507987
293,0.6642324091624336,1.400719675359043,0.19347310994045322
294,0.6641968602206583,1.426948812408087,0.19789140983455214
295,0.66280361909573,1.4660735170540775,0.20110747448467978
296,0.6632536196858184,1.4975556432634767,0.20336011490617498
297,0.6702490018140277,1.533129638344806,0.20452973011447073
298,0.6670317269402226,1.5745640948273885,0.2044131826512544
299,0.657055701826504,1.602798178378305,0.20343603175109576
300,0.6592288872778673,1.6288946570340375,0.2016577494114673
301,0.6471039514652823,1.6670899180349676,0.19875956695494476
302,0.6558530876929372,1.7059298959242077,0.1946516333970034
303,0.6678849126367976,1.7405560230071597,0.18942000990495123
304,0.6469910903820906,1.7637844684137687,0.18363949846447936
305,0.6523619127382052,1.7761366822055056,0.17745045938877504
306,0.6416110471885532,1.8130335885888964,0.1702723523735079
307,0.6183623983623981,1.8457576188479412,0.1624026228455775
308,0.6060791260196907,1.8992002173114788,0.1532160980683595
309,0.5972101608027052,1.928776631674331,0.1433644109581175
310,0.5819298365545298,1.9617036102602237,0.13289306985576893
311,0.5675931494645691,1.9812807232804808,0.12216642797397588
312,0.5610946733608367,2.0269811761378844,0.11044593153427011
313,0.5339562011429048,2.069518709757915,0.0982744640384423
314,0.5087831352822867,2.0850698022773164,0.08629381453260951
315,0.495129928961884,2.1099827950856787,0.07409591328166175
316,0.48475352973727864,2.116815447822628,0.06199672448250415
317,0.4545202540707742,2.138534883798,0.05019277986701308
318,0.41108534938110247,2.150365406354311,0.039250341456864124
319,0.3844353571996141,2.178577336670375,0.02854218409716982
320,0.3429322064609524,2.1844295160152005,0.018860846877689533
321,0.33083034126622185,2.1978841693157243,0.009330556080999678
322,0.28645945374755255,2.2115296785317686,0.0008851385605437596
323,0.25384304309809697,2.2232001345489127,-0.006737760422826411
324,0.22294518004142075,2.2087875528861987,-0.01332201593341666
325,0.20012809326343822,2.217533350891383,-0.019311562071480107
326,0.18126446423975992,2.2459626552953957,-0.02494535268555901
327,0.13894784705735988,2.252287441646792,-0.029307805859163302
328,0.10804244265841953,2.284946098625455,-0.03283918200604769
329,0.07505243287425405,2.2904770098288965,-0.035310380686180975
330,0.040651600053285844,2.2962069570688564,-0.03665850975843206
331,0.0020108734774126457,2.29250235722475,-0.036724935532199965
332,-0.03645668999483029,2.2922753681287005,-0.03552122749571522
333,-0.06841718282249833,2.2833244795606134,-0.03328658876646878
334,-0.08606469996358719,2.2773565164102076,-0.030496284623276984
335,-0.107610696382782,2.2465488937996407,-0.027137334134115638
336,-0.15961883240719005,2.253639589382263,-0.022122706802533813
337,-0.19488330720892177,2.242265618641328,-0.016098801656995197
338,-0.23376832304018133,2.218507899071517,-0.009110500490286128
339,-0.24641377072800993,2.1958198913321936,-0.0019741977567373113
340,-0.26295403891550273,2.192980293579695,0.005600430541853944
341,-0.30338511947548413,2.1872003052372726,0.014235939680108356
342,-0.32739660814235694,2.1670174808017935,0.023264586182499335
343,-0.3483426054998827,2.1387172520069484,0.032444604280822076
344,-0.378984839005889,2.1192469767234754,0.042089284888188916
345,-0.40061049304995355,2.107857699688816,0.05206524702548701
346,-0.41459785948550865,2.0847490094785903,0.06196707453081514
347,-0.43301965873807685,2.0537972815802776,0.07171132045942766
348,-0.4593370693250507,2.038747610957793,0.08171025561652762
349,-0.4944011433963953,2.019841241741737,0.09200950427502111
350,-0.5179554313752412,2.0053562823813316,0.10243173966419887
351,-0.5285159039910134,1.9753738129426786,0.11235619111235438
352,-0.5622820365405597,1.9431177612164419,0.12205304732275363
353,-0.574410876648626,1.9008955554692473,0.13085887952184402
354,-0.5730697798951336,1.8609242465164233,0.13861456695479638
355,-0.5704089562649647,1.8129942548006022,0.1450898812994689
356,-0.5833679364581206,1.7881056142587683,0.15102799667089323
357,-0.5901567241528466,1.755114524570337,0.15612758011681627
358,-0.5882875214678573,1.7269136153184161,0.160441770338333
359,-0.5945586986855879,1.7003090298177028,0.16405892167718322
360,-0.6015857020294963,1.66866574585002,0.16682396494286972
361,-0.6235730486933375,1.6434462385727704,0.16894325707920377
362,-0.6197697087940158,1.600767410713432,0.16981355855398925
363,-0.6231078720135304,1.5734336792906949,0.1698905113706893
364,-0.6197639224318333,1.5444399295976265,0.16912515353976884
365,-0.6262293023934126,1.5100001824994853,0.167344638852519
366,-0.6329750952167092,1.4826539475755482,0.16474099916509502
367,-0.6455995166243735,1.4571591698398791,0.16132970666065746
368,-0.6352039047463345,1.4373668560111987,0.1573829787247905
369,-0.6187252995984625,1.4102600703561667,0.1527474206737784
370,-0.6005892194148598,1.397914952922188,0.14788670705599313
371,-0.6047839150306145,1.3512497766529301,0.1416951909761569
372,-0.5936336505234889,1.3165723742439146,0.1346611862636265
373,-0.5883163696490097,1.2937801298799512,0.1270724569847306
374,-0.5821958578510418,1.267899735620066,0.11887168441324611
375,-0.5813481597048639,1.2342915892319157,0.10980547704531823
376,-0.5783555114210216,1.197601700587639,0.09984030865067124
377,-0.549589492504215,1.1605105859021034,0.08942304056300644
378,-0.5033221033243026,1.1248997361541262,0.07902221131274204
379,-0.47991039311484224,1.1057159997813701,0.06866872040562721
380,-0.4504825644199604,1.0740474373377826,0.058293793685263655
381,-0.42543397167268016,1.0465210587162475,0.04796380366324468
382,-0.40136528340901406,1.0514860987035677,0.03826955431246344
383,-0.3835829765405164,1.0434450575527152,0.02885267340238845
384,-0.3407126588392415,1.0243828993971082,0.02017078767102983
385,-0.2966068616291883,1.0014052853270594,0.01229218166858276
386,-0.2752755660917516,0.9938689585433363,0.004879168650021309
387,-0.2382774609865593,0.9866024290142473,-0.0016296543371658269
388,-0.22640335089393931,0.9810190732839613,-0.007872009352237742
389,-0.20106974124979335,0.962523995517103,-0.013578446714531876
390,-0.16629049399414275,0.9517937794977168,-0.018380522533397635
391,-0.15063278426293475,0.9452945314655685,-0.02277367076962392
392,-0.11525171997181213,0.9415933209110829,-0.02615745322666528
393,-0.07501888382984834,0.9414413882872541,-0.028363276419779794
394,-0.040995912638803894,0.9460331829325757,-0.029561876685733506
395,-0.02836026322707627,0.943282304307714,-0.030394329109330747
396,0.003073323710291334,0.9461606634157768,-0.030304464993434015
397,0.019545926479644794,0.9490301177313408,-0.029735253755421198
398,0.059201041664422915,0.9391967864241865,-0.027988551747157583
399,0.09553787245511869,0.9417595582248094,-0.025182262765438578
400,0.12525374221316599,0.9468123720870072,-0.021532703984407306
401,0.14930694472152228,0.9624415347368126,-0.01728195672899379
402,0.17326010153385416,0.9708403836874329,-0.01241520588567551
403,0.19839868585539608,0.9751151489495773,-0.006885842938106725
404,0.22166483668007253,0.987191470779786,-0.0008284720126379257
405,0.24027054850278093,1.01074173352395,0.005492275441094531
406,0.26243486049789505,1.0207712876702972,0.012272663225257734
407,0.2905358370247377,1.0482127071285323,0.01942170837614815
408,0.30063626287885664,1.0728544348520188,0.026493516739838453
409,0.33341348907313023,1.0903313371080807,0.03405659863666421
410,0.36717787127858803,1.1075176989742388,0.04207777489339288
411,0.40361552259362066,1.120293956855827,0.05062820354692809
412,0.42175802882726476,1.1629202334245765,0.058747152043911524
413,0.45612490116815224,1.1789334611498803,0.06715821068893853
414,0.46999183768468294,1.2167528071284024,0.07500871807327057
415,0.4845086598935218,1.2351948893625682,0.08267854517849663
416,0.4917889961331304,1.2450390655976056,0.09023442443016785
417,0.5001123361500481,1.2586078391441244,0.09759852607699619
418,0.5178115872004794,1.2822371962615222,0.1046413765060141
419,0.522056608013463,1.3224911913367987,0.11076899352984187
420,0.5322047910407566,1.3572676078042611,0.11614550962909068
421,0.5495484755169656,1.3821446917196438,0.12104299732877263
422,0.5627493041603122,1.39703258350244,0.12565497201453713
423,0.576318348303768,1.4253727830574574,0.12960338090663798
424,0.6081169254912465,1.4555115027719228,0.1328893343952601
425,0.6085584372629439,1.4777002522813647,0.13554657500366193
426,0.6076517489399423,1.5000531115786655,0.1375644015584671
427,0.6230761254027434,1.522226297458935,0.13898096248065533
428,0.6197962092195108,1.5656081399263317,0.13913164472516068
429,0.6247697729630389,1.586328048572647,0.13867742958995474
430,0.6303225362745407,1.610051345719819,0.13752087077828054
431,0.6132028482251266,1.6415508432021193,0.13548664420022255
432,0.6276268501583921,1.6858003814908615,0.13211741668784915
433,0.6180122987437051,1.7090337711062693,0.12812530849012818
434,0.6144669872456572,1.7408632383410143,0.12324653097241774
435,0.6261066178488806,1.7762748355519276,0.11726834486970265
436,0.6079218641116856,1.8038050803151975,0.11067409775203758
437,0.5890672632415079,1.8185700322529823,0.10386133150994657
438,0.5947505287024014,1.8460180491289049,0.09624793705661662
439,0.5834003921467524,1.8688570430274625,0.08815939297101238
440,0.5806009757023535,1.8962360672682546,0.07939049766932209
441,0.5593060142056531,1.9489317181032282,0.06959596925371352
442,0.5512882115031607,1.9705672280301907,0.05940292097467523
443,0.550294918852771,2.0035753942677634,0.04843702163243714
444,0.5257322346181047,2.0355616077085283,0.03719031578032576
445,0.514408620818243,2.0665604805352533,0.025487520917328615
446,0.49569616393463123,2.0993663068442854,0.013494177901848788
447,0.4821741701688827,2.1338152606696865,0.00111920427521945
448,0.46197419001541334,2.1708221786053064,-0.011464786624647127
449,0.43520813639843686,2.1914368087312943,-0.023723968896824536
450,0.3979609638997494,2.2245818556414694,-0.035508959711667384
451,0.3636177927515986,2.247645561603043,-0.04664709432572426
452,0.34508531348251875,2.2657158998963536,-0.057477431549277
453,0.31353349569993516,2.284540738698608,-0.06757313797622747
454,0.2882625906566996,2.2863632668687206,-0.07689839474918188
455,0.27709286769337876,2.307032455304812,-0.08608324067104775
456,0.24570918890926452,2.3176327014247127,-0.0943452825453572
457,0.22751769354093185,2.332288751980096,-0.10212712611622485
458,0.1958077867487364,2.3426137909189895,-0.10891177474397777
459,0.1628019347269437,2.3584207034644233,-0.11465504292246813
460,0.12930887474750563,2.362060553519577,-0.11924073707409442
461,0.08348159552485197,2.3792443119306723,-0.12225599398994781
462,0.040319577841974916,2.3847432418208916,-0.1237212194557307
463,-0.01126243708157927,2.3987091408277865,-0.12330647705485466
464,-0.04431637700970331,2.392556812405546,-0.12168426267704831
465,-0.08159116645552617,2.405996959065868,-0.11866290589132959
466,-0.09985115359659419,2.396369930320268,-0.11499978523441456
467,-0.15858605736539805,2.3769055256786014,-0.10930196143334443
468,-0.19968654949005968,2.373409561925324,-0.1021691145624006
469,-0.22856169991034492,2.35327912782043,-0.09418180083012313
470,-0.26945460154953155,2.344388291770868,-0.08488177686637174
471,-0.29566550087801907,2.3182749598896333,-0.0749780086778153
472,-0.33064684647542625,2.3102081447512517,-0.06403951744265972
473,-0.37504036619216097,2.3124417694759165,-0.05166735558679979
474,-0.4157345521886784,2.278871013274814,-0.038534318348933026
475,-0.44581978166704184,2.2582220519988927,-0.024853500963591346
476,-0.47402671150724235,2.2342498074577737,-0.010797761565473026
477,-0.4903811361300833,2.1989107785995294,0.003039580375483098
478,-0.5085891846514242,2.174541159670028,0.016862240008355574
479,-0.5324081150054066,2.1536211391282705,0.030831265600667436
480,-0.5554502592634616,2.13393833132798,0.044906798114074886
481,-0.5688510165099491,2.1139992628105495,0.058828054326752026
482,-0.587605005722853,2.089031256386315,0.07255833028222679
483,-0.5979712137021976,2.060415432893331,0.08579620882547222
484,-0.603476298314842,2.025503165726206,0.09825865869237488
485,-0.6397439973241323,1.996726177786076,0.11059151067507372
486,-0.6672129005808419,1.9681577177784335,0.12256485867388066
487,-0.6930884738573977,1.9456242038147713,0.1342606130837534
488,-0.7302894992626665,1.909216563695963,0.1453341411673451
489,-0.7711281599086888,1.8713392337786918,0.15565027576413687
490,-0.7783259544440303,1.820652969869343,0.16433037132305495
491,-0.7864346316465239,1.7934065548227334,0.17214407451463928
492,-0.7979505547895606,1.7483448286428298,0.17846632127537046
493,-0.8183650590253518,1.712512467094808,0.18362187175008146
494,-0.816653549014597,1.6910449770309615,0.18799353230478358
495,-0.822382643909018,1.652392399282336,0.19097977065376165
496,-0.8468752705574276,1.617837765209835,0.19274132711773118
497,-0.8560463175720086,1.5779052677843528,0.1930097787700404
498,-0.8592127645564747,1.530126211889283,0.19147017101028774
499,-0.8507713907416545,1.5102366418469695,0.18919515608232712
500,-0.8420194291843074,1.466935387626348,0.18532815864364635
501,-0.8275893766773338,1.4436294672620693,0.18065910370429325
502,-0.8277175248551304,1.4074106530942083,0.1746700618900355
503,-0.8156496851727044,1.3775734330752354,0.1676787896139811
504,-0.7996968269590053,1.350116813099977,0.1598299008514527
505,-0.7941045436581637,1.324755098490995,0.1511438842150164
506,-0.7799502312330898,1.3022672269282842,0.14181487604071974
507,-0.7735764325181348,1.2878576338025733,0.13206179139290683
508,-0.757638389779027,1.2702823548274784,0.1218907324812851
509,-0.7476766889305095,1.2294077875191445,0.11050872945371298
510,-0.7266952383608778,1.1922074653852561,0.09823023532152549
511,-0.713951757098564,1.1642156515596742,0.08528200756424373
512,-0.6727555000159922,1.1312308288614856,0.07202318788161519
513,-0.6471149478990539,1.1173490881918602,0.05881793970350756
514,-0.6240112846553342,1.0875847656212352,0.04524401991531546
515,-0.6110079389234289,1.0645051865781574,0.03133376366138837
516,-0.6034469291768677,1.0332467549988449,0.016805245858089887
517,-0.5713733349486607,1.0088647868835248,0.002398073049332884
518,-0.5289923816618318,0.9769935346846862,-0.011720320199891656
519,-0.5156602861075088,0.9395026928300245,-0.026271720627470962
520,-0.4756798252555619,0.9170917418245622,-0.04019619377162284
521,-0.4498620975694308,0.9110338734840495,-0.05352254144722711
522,-0.4196007235325609,0.9000786140117764,-0.06618335296078798
523,-0.37968670486374395,0.8779825487303792,-0.07801949468723299
524,-0.36351538770176095,0.865974302259485,-0.08953789785599221
525,-0.31731956060512445,0.8629616012571816,-0.09968154953833358
526,-0.28085201613730704,0.8411049209614843,-0.10892032117397768
527,-0.24491329614003915,0.8321865036793265,-0.11708267113627842
528,-0.21796649689556674,0.8145598416795625,-0.12450190339054298
529,-0.17192977462878475,0.8034920668320766,-0.1304402065140748
530,-0.14092604739838124,0.80037386891081,-0.1353312952929056
531,-0.1345895504286358,0.8010678539359561,-0.14000048337165366
532,-0.11718967417961083,0.8058463317069284,-0.14404889995780815
533,-0.09376132687405977,0.7963758411689729,-0.14732247249465852
534,-0.047187961969466556,0.7787478259935783,-0.1490012537947661
535,-0.00813324271938935,0.7717122913979388,-0.14929271250428924
536,0.03247304712167223,0.7708364279565881,-0.148128225644412
537,0.05550953245850332,0.7732280138817453,-0.1461429485108392
538,0.08635495657498336,0.7859647335689129,-0.14309536106385132
539,0.1174091070706474,0.7747112980422106,-0.13890983024126488
540,0.1616424751758273,0.7955758733232782,-0.13327796568617925
541,0.19314357587961678,0.800136326343837,-0.1265924371794306
542,0.24874150113223842,0.8065172239097527,-0.1180742508365318
543,0.28764275641390286,0.8226457978555256,-0.10842466829941463
544,0.3240448658851357,0.8471332633211909,-0.0978833764672949
545,0.3551880750993111,0.8604630172033421,-0.0865446776554361
546,0.3874201779390209,0.8771353399613875,-0.07446720103618232
547,0.419907458383481,0.9033016879880106,-0.06184921684284453
548,0.4500513067721313,0.9310118863895217,-0.04886362662717868
549,0.4599204263294446,0.953548824921333,-0.03601799254531392
550,0.49232494925880765,0.9849059418370489,-0.022949884185107464
551,0.4910094698791113,1.0185198426102096,-0.010581382815640332
552,0.5158449051707843,1.0629794064916773,0.0014117571201887873
553,0.5297593866142808,1.0987247340574609,0.01290115300929446
554,0.5419618449160033,1.1301187592902124,0.023902316683244672
555,0.5824297783332704,1.149671954312132,0.035145073746288766
556,0.6050434494237652,1.1752678670994032,0.04610284705318374
557,0.6292650633803045,1.2124084350545012,0.056424997512085594
558,0.6504529238633465,1.2433401616000488,0.06616326384160062
559,0.6659585062476934,1.2976516629023975,0.07449635332805278
560,0.6899530926273462,1.3305533090600923,0.08206876350606829
561,0.7137203292709556,1.3734336186095453,0.08848708643587695
562,0.7120944762098989,1.4125534513016849,0.09363549538908479
563,0.7085101862950692,1.4615588021760124,0.09718249177390899
564,0.7064184478921343,1.4971203183352186,0.09957153358175924
565,0.7133865406164214,1.528934609046961,0.10094084531401068
566,0.7196982227779242,1.5648680937805641,0.10113622621053789
567,0.7245299757076045,1.6139630946764267,0.09970615923406682
568,0.7320131792310783,1.644660706149233,0.09723997218120033
569,0.7160472395301725,1.6899738336507948,0.0933377724722622
570,0.7171141875236693,1.7287682253759182,0.08816828190661885
571,0.7230054714928251,1.7586532082914421,0.08199007760552836
572,0.714923540456013,1.7902347134808556,0.0748549164905801
573,0.7041952553471703,1.8212819792728125,0.06683096265826176
574,0.6774010222823088,1.8426902642508647,0.05841481159455623
575,0.6555035948483942,1.889973815306883,0.04885127400533259
576,0.6182804088492639,1.9105378188583149,0.03919330185783672
577,0.5883873423433201,1.933129939580257,0.029356752610272534
578,0.5807626485923312,1.977301105041177,0.01850967343119414
579,0.5835169386936447,1.9978526868103084,0.0070994272731517635
580,0.5595589582449033,2.0352184581489823,-0.004788282977438602
581,0.5600730732135518,2.036765024569708,-0.016722464503134034
582,0.5211546640501099,2.049431705309887,-0.028187895110861713
583,0.5225237714321124,2.0845515019298535,-0.04045128907804733
584,0.5035903073485314,2.1233476666326463,-0.05311547303340691
585,0.4858814326776083,2.153423871698707,-0.06596277612165616
586,0.4611823526342773,2.184362555579214,-0.07877424245257818
587,0.43176707818518023,2.2076549289406957,-0.09121706795279798
588,0.39922668756949026,2.2210391012664106,-0.10298280192457336
589,0.36797430846539575,2.223544831025721,-0.11390718229068561
590,0.3265698074533071,2.2316452241399247,-0.12375220771993661
591,0.3098004676524218,2.2494839667006574,-0.13332160695902112
592,0.2627068602450226,2.2739105632116385,-0.14171751615264486
593,0.23978474918388826,2.2769990563201743,-0.14942358033800213
594,0.20509094901864025,2.2790488593663016,-0.15604757538388392
595,0.16288212628074203,2.2947321905414704,-0.16141791098244127
596,0.11642494323253531,2.303894088336609,-0.1653045485956413
597,0.086164022362106,2.3036885170268633,-0.16818326491519223
598,0.05711766829046288,2.2920614519358975,-0.17006808023162373
599,0.029625804216604268,2.2947194047620867,-0.17104903815956285
600,0.010150759378302624,2.298439619637897,-0.17138660176671802
601,-0.02739887737610563,2.300199393917394,-0.17047375156142908
602,-0.055287131941613596,2.300052596474942,-0.16863275684614565
603,-0.08819697712076092,2.297778248652146,-0.16570569189706033
604,-0.12805686662899018,2.286354197848377,-0.16151665076536595
605,-0.14336302716294982,2.265942787025731,-0.15694117563734555
606,-0.18231697524015272,2.2463605325444567,-0.15127221951215736
607,-0.20463461630039265,2.230111028273067,-0.1450481658635691
608,-0.22278596195050698,2.2170010608201753,-0.1383958681648261
609,-0.2501040555620254,2.1992187752866355,-0.13112084486448858
610,-0.25804603030247203,2.178490065821961,-0.12383543108598008
611,-0.2834966040025361,2.1538544933519574,-0.1161351820671528
612,-0.3068875836402204,2.146206543030511,-0.10791554594796382
613,-0.3353947403987398,2.1292490111879787,-0.09919534836714941
614,-0.363358489990457,2.1132300288501686,-0.09002168711664686
615,-0.3670643536937656,2.1050980479805292,-0.08088395990321871
616,-0.406224393880631,2.0815792854122206,-0.07122545150364215
617,-0.40487032150478036,2.0609392745239234,-0.06195400078913725
618,-0.4120167539923754,2.033207550382112,-0.05302163423749213
619,-0.43985800627110494,2.0299616523638466,-0.0435856618032166
620,-0.4457340420547502,2.0143609335701944,-0.03433464243147284
621,-0.4692279374589981,1.989013640237334,-0.025152041270072464
622,-0.499682107496758,1.9605869408982954,-0.016048382980838428
623,-0.530921247358261,1.9301368385742768,-0.0071456953876498225
624,-0.5562038268579732,1.9051612739916393,0.0015174184876887327
625,-0.5881712509802426,1.8811008305540493,0.009988407475499336
626,-0.595103391936556,1.856667607302085,0.0178926053855341
627,-0.6054625001862542,1.8087005321073826,0.024598992135654113
628,-0.6293422294188122,1.7925201008927276,0.031071132723397718
629,-0.6361476155636373,1.7798151680707783,0.03723493680055999
630,-0.647080316145031,1.743059997695794,0.04240183330712538
631,-0.6548909098937278,1.7185002909932965,0.046883618424611
632,-0.6714560201630939,1.6934342146166534,0.05068887765066885
633,-0.6917097004099394,1.6640214934300281,0.053657779104473585
634,-0.7054032863100712,1.6310164902723068,0.055608759233497077
635,-0.6960515431742872,1.5912441446293273,0.05626426315600344
636,-0.6909824816125625,1.5700976094873165,0.056241998719116344
637,-0.6941116302469742,1.5273097513449194,0.054851512710923256
638,-0.6905208175790366,1.5074555847823523,0.052835652568065175
639,-0.6834227193780081,1.498801941464393,0.050564570237597736
640,-0.6829172736201016,1.4691498951852782,0.04736284681658792
641,-0.679368397638653,1.4389323673572982,0.043232323438618776
642,-0.6632272670955858,1.414598365030869,0.03844358483945921
643,-0.6687614172177663,1.3759553118957144,0.03244151532373075
644,-0.6540009759210617,1.3265925240175924,0.02508685428306084
645,-0.6634406904833594,1.2851405246808596,0.016410199084799622
646,-0.6244213583624733,1.2582347439151391,0.007421629199036658
647,-0.600661594903362,1.2289426389004263,-0.0020518915719473854
648,-0.5848887868805837,1.201501513105033,-0.012016253968216272
649,-0.5697436384412046,1.183086944975223,-0.022213075902508983
650,-0.5476232200763781,1.158790058118075,-0.03263794191644215
651,-0.5176803708157122,1.1260761790156963,-0.04328263522851668
652,-0.5037275591181989,1.099583292239877,-0.05423899088166134
653,-0.4900138661833484,1.0808137186167392,-0.0653133539995417
654,-0.4665745290135855,1.0575636240546753,-0.07635658087278754
655,-0.43727774594894414,1.0459311000629687,-0.08696666844317497
656,-0.4040452640776101,1.0245070841764767,-0.09717890363424786
657,-0.37249115471893146,1.0187521056240973,-0.10672185420867597
658,-0.3593880728283991,1.0006587878643318,-0.11621335951750718
659,-0.33545292798248216,0.9724225779006176,-0.1254851819828286
660,-0.3091576647934577,0.9498676115793756,-0.1343358586395367
661,-0.27477119869188693,0.9352212936173412,-0.14238938338490711
662,-0.24022416429386936,0.9209499695514448,-0.14958723663638337
663,-0.22972562565319687,0.9096986957123302,-0.1565777581746081
664,-0.20046732108601895,0.8889198234803334,-0.16285276797782652
665,-0.16295548209239769,0.8668665103088063,-0.16810284952705407
666,-0.1184069438519095,0.8740622566766452,-0.17189316169585497
667,-0.07141386573250244,0.8660213051597326,-0.17420451406143336
668,-0.042391602092918076,0.8639403207250099,-0.17558065519891206
669,-0.01294398554643422,0.8556873487590885,-0.17600501172162814
670,0.021545161746427198,0.8511583993688936,-0.1752950324671611
671,0.05453124297398125,0.8538413139258587,-0.17350431705945854
672,0.09929232471441915,0.8609359066630656,-0.1702740520400527
673,0.11702974066099593,0.875387910609993,-0.1665335616606525
674,0.15840789335717656,0.8556868384822726,-0.16136185068756634
675,0.18894524367085772,0.849905363210233,-0.15516318180285635
676,0.20392815137981696,0.8475953836962663,-0.14846199692803708
677,0.2446090918421079,0.8631358928785824,-0.14059054280046512
678,0.2512015564700578,0.8694796424548755,-0.13257143908541227
679,0.287380805736629,0.8764455971408703,-0.12350292032305288
680,0.3212087364392017,0.875828552466715,-0.11339438802209005
681,0.3590196858428176,0.8914611392738956,-0.10235694330129806
682,0.3807027936867121,0.9102247725203161,-0.09095767191712456
683,0.4097959117184871,0.9407691394069554,-0.07922081835113265
684,0.42992156842184853,0.9604172013154366,-0.06727579937867113
685,0.4497324497000753,0.9768243542799644,-0.05511096385043301
686,0.4948323894538,0.9968311238634152,-0.042218663896097096
687,0.5058450807717166,1.006856320062249,-0.029268658269553712
688,0.5304778568579953,1.0457953663670774,-0.01658931198404022
689,0.5659375955196937,1.0644019180677968,-0.003585548532357402
690,0.6084490586802493,1.0851561358226691,0.009754766284977307
691,0.6269086758382575,1.120515171817992,0.022520689277688195
692,0.642612460713252,1.1714204575479212,0.034172164995934284
693,0.6650475567176846,1.2088058535040611,0.045098982986457745
694,0.6983694892761175,1.2526780941585332,0.05515437930507795
695,0.7064742987972862,1.2851466230519228,0.06430036654827884
696,0.7137861894837035,1.32220414287404,0.0723544797958136
697,0.7274535259969268,1.375073035040953,0.07882051644152412
698,0.7390241324508554,1.4046683149100478,0.08438973355389351
699,0.7375762379599773,1.424875399173348,0.0892789020282127
700,0.738277476751741,1.4705043412891794,0.09264814708720294
701,0.7486502012360846,1.4936859755954441,0.09526980719641948
702,0.7596914322165528,1.5395755424737942,0.09634471674855669
703,0.7536842669587284,1.583970906895622,0.09589394185797685
704,0.7680388935289656,1.603969293469789,0.09474184706306989
705,0.7638722192226755,1.635478795162555,0.09250628914276966
706,0.7662026505925496,1.6833468864392869,0.08861237162751606
707,0.7822370197752072,1.7225759675822088,0.08328365592208122
708,0.7839555434440155,1.7513841845695122,0.07694272501023121
709,0.7776610711015433,1.7872586137879976,0.06940823117598485
710,0.772000637686095,1.8376240340932664,0.06021172001208878
711,0.7695420742432297,1.8778855010663684,0.04969511846520602
712,0.7460357140230927,1.9090262945641288,0.03843433526027455
713,0.7097812549063963,1.932514842000766,0.02690365672101401
714,0.6810550679881097,1.9856603066745881,0.014214892956564298
715,0.6581336623680106,2.0149284237374303,0.0010745623769259516
716,0.6448073175073716,2.048584560355011,-0.012743937147970912
717,0.6159857320193003,2.0872415179796,-0.027008685566990112
718,0.5941219278431762,2.114458468921146,-0.041486691312569546
719,0.5843317041974773,2.139960625878037,-0.05635146760590976
720,0.564734067909946,2.1724524800330567,-0.07149760800707082
721,0.5481683774518705,2.2058408524132216,-0.08695451916867171
722,0.5055393899681677,2.233707310495271,-0.10185613394527991
723,0.46825512575455064,2.261918161525454,-0.11624006351958859
724,0.44224866633906423,2.2791984908178993,-0.13016247470039233
725,0.40993032202860163,2.3129799650862695,-0.14363129440407743
726,0.3931575289262744,2.3359955664071785,-0.15689983389147208
727,0.3845403244301767,2.3575584453093392,-0.17018086852619196
728,0.3315291675856842,2.3819701952899908,-0.18198141913224544
729,0.2990859486520032,2.4057780768137347,-0.1929022730283462
730,0.2687535490335033,2.433407947190822,-0.20298635515046576
731,0.218533371895461,2.4452998841826017,-0.21130300371204178
732,0.17166690787777844,2.4540495571228385,-0.21790374629383086
733,0.13891231211639796,2.456785572238537,-0.22326612607436155
734,0.1041319730594953,2.4804079166006066,-0.22736809105310796
735,0.06911473498985192,2.4736462801360606,-0.2300790142021628
736,0.023762141673898403,2.489065581154998,-0.23102293811756253
737,-0.015818571796854784,2.4889134047664463,-0.23039460359210376
738,-0.049058742369989056,2.4802735260306776,-0.22845956430832415
739,-0.08432255618411214,2.476612091246275,-0.22514570234724507
740,-0.1280435781455073,2.4635260362007645,-0.2201733819146715
741,-0.1707112577774975,2.4643651506587716,-0.21355376780986174
742,-0.21367327237543612,2.47314062361885,-0.20523307514984734
743,-0.24358646376132534,2.4647849179092387,-0.1958319823543644
744,-0.3001733532277615,2.4385420226471135,-0.18455344086090286
745,-0.3256911802425281,2.408501168857207,-0.17266504170568614
746,-0.337264648756694,2.38698440204868,-0.16061109026655815
747,-0.37184613312836806,2.364796571931543,-0.14765519768166052
748,-0.387443361006491,2.3620508706994006,-0.13421915423755842
749,-0.41092148460210826,2.3637747806357807,-0.11998966457546163
750,-0.4406185395733826,2.354042692326646,-0.10494312941137307
751,-0.48140957645986,2.3405013526754246,-0.08883149248750695
752,-0.516239493197846,2.30916791366446,-0.07221932338967976
753,-0.5544259980035109,2.282785407823309,-0.05502158153838959
754,-0.5775399921065957,2.2634265138542577,-0.037589929030074964
755,-0.5946928662674149,2.23701235392091,-0.020277632146116192
756,-0.6275302402811866,2.1975827439932525,-0.0030582139565740046
757,-0.6755228593032969,2.161057154318561,0.014343340109053065
758,-0.7045692211963833,2.128965075900941,0.031495680300894335
759,-0.7247427929232232,2.111714289168126,0.04856391163310477
760,-0.7319480232208626,2.068325275855726,0.064511881947592
761,-0.7499898224806605,2.0471196135205414,0.0801387854257826
762,-0.7825099566313667,2.010773206871522,0.09515372527976175
763,-0.7929183977924766,1.9717980609013959,0.10905774955597508
764,-0.7970030027588131,1.955023706707554,0.12246334918563796
765,-0.8269413251736669,1.9143719702747726,0.13485735086430847
766,-0.8614685142132439,1.8789876478950018,0.14636590415231446
767,-0.8781113237150844,1.8442793320823656,0.15675794822438593
768,-0.9075626859441687,1.8011422604282707,0.16575359582132534
769,-0.924305411032845,1.7668779862436266,0.17352918934594144
770,-0.9627694122098992,1.7152686907407393,0.1794375634428257
771,-0.9522454117746857,1.6739547047866872,0.18363237172204036
772,-0.961965149977705,1.6498313183730835,0.18687068540474228
773,-0.961225044160309,1.6027933458404144,0.18818216905508517
774,-0.959806703138003,1.551814814411476,0.1874048462187757
775,-0.9465883522706071,1.518521582526119,0.18528495695590838
776,-0.9460125428006491,1.4769487279092006,0.18148460060921806
777,-0.9495958512866531,1.427614421644457,0.17568283624327435
778,-0.9387875374033414,1.3846906151307667,0.16821820196267412
779,-0.9375676636632624,1.3534843408391786,0.1595279897752885
780,-0.929498619084165,1.3281051690230383,0.14989949631069213
781,-0.9249549465630402,1.287825491200052,0.1387507471603646
782,-0.9021540144728687,1.223653406213751,0.1254031193569363
783,-0.8879566625869255,1.1917886427732107,0.11105116306237009
784,-0.8642973325005429,1.1536693486927376,0.09564306588715392
785,-0.8493310868104998,1.1000119252514453,0.07861458728322043
786,-0.839194706366119,1.0704126337644728,0.06076490474265237
787,-0.8287724131314549,1.0361429443354022,0.04198564415498568
788,-0.8036516867238741,1.0039521268258822,0.02265744117456494
789,-0.7651556684340534,0.9518060358175381,0.0025632322357392982
790,-0.7442475386007126,0.9098276557178637,-0.018229512196657773
791,-0.7020670747650009,0.8779624230250181,-0.038853703039089596
792,-0.669514263253062,0.835514340045694,-0.059668686536871136
793,-0.6290433914096124,0.8087722459086202,-0.0799788937453169
794,-0.5981943118203475,0.7811180853393286,-0.09997433275652577
795,-0.5618265346195678,0.7446846203863468,-0.11956030091627569
796,-0.5542749552391166,0.7073265876778314,-0.13956340345100665
797,-0.5072305176135035,0.6853758384248371,-0.15836665191912336
798,-0.47861876418188504,0.6374585977062008,-0.17687194555371116
799,-0.41786326549185543,0.6206224610022893,-0.19337854346473138
800,-0.38446746353985856,0.6005399733263334,-0.20885057046053457
801,-0.3294671692119815,0.5799577324372416,-0.2223823555283523
802,-0.2956347986382774,0.5573211455493956,-0.23474530900619422
803,-0.26273433273277835,0.5379263519175613,-0.24589742154818253
804,-0.20354889946643592,0.5261669541120695,-0.25463760253628853
805,-0.1628355114883143,0.5192904353351578,-0.2616748645103448
806,-0.13505884308673707,0.5082664798111037,-0.26755624521188326
807,-0.09215774200703587,0.5103651466592112,-0.27157124281910605
808,-0.01659835666976279,0.5039589801558544,-0.27229794995023116
809,0.0196676154922025,0.5061166295133117,-0.2714379074382256
810,0.07488375734723168,0.5028363709293373,-0.2681602434193262
811,0.10431193781304236,0.5077097645793769,-0.26361080145508825
812,0.14132350988972492,0.5221081974924204,-0.25750642165915594
813,0.19546247707106906,0.5478838528900088,-0.24921682373963505
814,0.25095407546180637,0.5531216452472794,-0.23865183780186983
815,0.3020262485542377,0.5662166134565294,-0.22610016533165037
816,0.33575951107629565,0.585936709022508,-0.212373854464862
817,0.38771884275508944,0.5959755289527969,-0.19672898002649686
818,0.42506242374024394,0.6115316538698083,-0.17984686533725294
819,0.4702368955008981,0.6225993106455776,-0.16144282910154206
820,0.5001798372601498,0.665879433897281,-0.1425862394840379
821,0.5536207337232123,0.6901007961087177,-0.12231300379822868
822,0.5967035442161256,0.7155929102131185,-0.10110887735814644
823,0.6387218345006213,0.7330649113359516,-0.0789573854625759
824,0.6857354849213267,0.7610019558206803,-0.05602940709908918
825,0.7478383902498863,0.8045379370302533,-0.03245037747598204
826,0.785768564924068,0.8443370459106276,-0.008957709540022497
827,0.815448252350985,0.8816493212316623,0.014189337221248249
828,0.8442881923580706,0.921435808046183,0.036789101477216396
829,0.8876980277824392,0.9604953414953059,0.059015063742486856
830,0.9277525202013457,0.9892109558888911,0.08099657204791615
831,0.9540393024856209,1.0423958214452977,0.10155991101388129
832,0.9731687146059681,1.0619651952816578,0.12169587542120963
833,0.9972978734867948,1.1162687828467133,0.140135640714169
834,1.0142020180702895,1.1482761579940424,0.1575439150013033
835,1.0401723684517903,1.1991353207679867,0.17320518752038744
836,1.0546623010214071,1.2398705733179654,0.1873348229328893
837,1.0616841337465737,1.2794396726075363,0.19987592167580198
838,1.072823527410624,1.3392523080418879,0.20995646159070827
839,1.0995107184479713,1.3953515257371942,0.21773236344102537
840,1.1039218217088775,1.4498839005776776,0.22311783403535315
841,1.1097107667429567,1.4985701727278462,0.2263492018310046
842,1.116562528280655,1.5343116559864372,0.22798808984316396
843,1.130263151016931,1.5674511321325753,0.2281393800764311
844,1.132442006996827,1.6080311808608563,0.22645405203899016
845,1.1279916447240086,1.6561366294711102,0.222603253840011
846,1.1189807705601418,1.7071812415613625,0.21648728068493667
847,1.0987228489885232,1.7608770102535696,0.2080736078259507
848,1.1086652326861153,1.806672172181185,0.1976145519038953
849,1.0902030495661192,1.8414240773505306,0.1857619148947361
850,1.078632047795052,1.8908991960283446,0.1718960442809296
851,1.0677907087929597,1.938471108381595,0.1561498100332159
852,1.0609153776302567,1.9886252045725796,0.13844164573405718
853,1.0382139477899068,2.0363635221103604,0.11910402768932044
854,1.034766282104251,2.086164194941787,0.09791759687912777
855,1.0003782406238813,2.1278250081751025,0.07566932497311331
856,0.9727411093898972,2.1809795793125395,0.05199131412868567
857,0.9525644435092203,2.2005744918668473,0.02799378188348985
858,0.9222108359500063,2.235966436103217,0.003400522498964987
859,0.8932561834643225,2.2791331915868356,-0.02194305105211861
860,0.8563727391698954,2.3251835650282606,-0.047811976018399135
861,0.8195351582404096,2.368088174097149,-0.0739561523454516
862,0.7899154993567628,2.412017710198008,-0.10043085454436675
863,0.763502430900262,2.438178012902546,-0.126797380512451
864,0.7334511108483259,2.4673911735743466,-0.15294579356679017
865,0.7127726628576562,2.504535913613488,-0.17922903306702706
866,0.6690869957650462,2.534997951019633,-0.20470954394344515
867,0.6249754956452322,2.565817259751549,-0.22924682315966202
868,0.5668738713588135,2.6030705488028105,-0.2522965715608233
869,0.5132724629672374,2.619383600883629,-0.2735758618665639
870,0.48704262525722297,2.6534382093993845,-0.2942433779282712
871,0.4411944119346707,2.6757944394641666,-0.3133197051605037
872,0.40814002778659986,2.6978459514536333,-0.3312428333164954
873,0.36536624519862293,2.7084175611231065,-0.3474573876585674
874,0.3249953085570219,2.7360341068645266,-0.3621275409947637
875,0.2890616606866587,2.7538951400307212,-0.3753223849083769
876,0.24955131457801533,2.741115464173175,-0.38669377367102664
877,0.18520123246789708,2.7469231672162406,-0.39519317334782283
878,0.15278163300467457,2.7612424096359804,-0.4022587626697845
879,0.11588364517833495,2.7674773219424096,-0.4076401055452615
880,0.08249122534119387,2.789381327121897,-0.4115070797457339
881,0.04298189236595498,2.8099008574700184,-0.41353840758526084
882,-0.020312404512176405,2.8128036268167937,-0.41257725611193174
883,-0.07606657332531516,2.809327451548209,-0.408985413253988
884,-0.12509072615412256,2.827237216750908,-0.4030528750528286
885,-0.16712566627744627,2.8222310272612297,-0.39515599994941986
886,-0.19764695765625687,2.8143496139968827,-0.38585889516612826
887,-0.24304748914611318,2.798304988141084,-0.3745279043123912
888,-0.30333037318435296,2.7788471992847574,-0.3605647735057242
889,-0.3504470484005689,2.7577944989285768,-0.3446477207757006
890,-0.4037337145599966,2.736335590771113,-0.32659603076198374
891,-0.45051482424758355,2.7026296861944905,-0.3068886668295491
892,-0.48817390909829744,2.66581103003167,-0.2860425243505768
893,-0.5471961732681984,2.6431847333417635,-0.2631926124486233
894,-0.598634973976535,2.6140779002472065,-0.23884703711108815
895,-0.6284335085026274,2.5890938781961736,-0.2138264741003108
896,-0.6698440369063577,2.5409482401302754,-0.18821672738199194
897,-0.7043792151597116,2.5083037255629788,-0.16211725490027712
898,-0.7522031828204563,2.478057646455715,-0.13520339015659785
899,-0.7995544377680165,2.440704649662876,-0.10780257489550188
900,-0.8375548121795526,2.4156124413735354,-0.08001965279062295
901,-0.8755538727688611,2.3974739070542457,-0.05177308236811502
902,-0.9274752707886564,2.351994918625594,-0.023604039042883135
903,-0.9785231806678096,2.2939581209278326,0.0038481438377515713
904,-1.006523851787609,2.255145695264438,0.030556586391261763
905,-1.0291819194563532,2.1970848929811475,0.05566917211519104
906,-1.0570210776643407,2.1494104055103693,0.0794822426068778
907,-1.0753958914785224,2.1219878466976243,0.10251935743498464
908,-1.1104929466122389,2.0753136192265202,0.12417301492000667
909,-1.1418537263363004,2.008999576651543,0.14346666271742137
910,-1.172941179894198,1.9614179722415852,0.16101783541292983
911,-1.1912108264211707,1.914010696576682,0.1766459336868452
912,-1.2145366385398684,1.8653212216490438,0.19024881434227175
913,-1.2246314938294618,1.8201473738937572,0.2018556464990518
914,-1.2228609264657893,1.7622093395385907,0.21079797036125353
915,-1.232184744760094,1.7142195253670605,0.2175387632043545
916,-1.2369991832677547,1.6741408307909538,0.222412098438457
917,-1.239285973990566,1.63643194270784,0.22551296476674787
918,-1.2389503637044095,1.5830299766925164,0.2260912610058475
919,-1.2384764338840157,1.5243205865922569,0.22389540361257185
920,-1.2382346519174308,1.4767238840195465,0.21945605147377165
921,-1.2523564547128299,1.428178051529973,0.21270657930143907
922,-1.2443212411302917,1.375204551115675,0.20350250958361654
923,-1.2448806394819931,1.3294441806462909,0.192180833779456
924,-1.2415915979824939,1.2947333619470898,0.17928419679314878
925,-1.2236911639884003,1.2571129466313542,0.16477609571241264
926,-1.1905098367780615,1.2036326030939175,0.14810988305445133
927,-1.1633698128891108,1.14526831815357,0.12915931832192176
928,-1.1494359269514494,1.1093669613199693,0.1088450277202194
929,-1.1296749701213813,1.0776649454053235,0.08744148533856524
930,-1.103402426884775,1.0353382084769904,0.06466598061072396
931,-1.069782589616601,0.9893578447526762,0.04057975492119172
932,-1.0598065790547853,0.9534379269806307,0.015332895888559694
933,-1.0474873392196444,0.9228682840130482,-0.010805335971855075
934,-1.0060435050358996,0.8898852329849256,-0.037392977737320254
935,-0.9786765876837793,0.8367395227947405,-0.06518523881243057
936,-0.9473314397037135,0.7841945024632042,-0.09392336549478564
937,-0.9041369651029241,0.7405211419222023,-0.12292737187660001
938,-0.8532742740566654,0.7143296404868112,-0.15138969439315342
939,-0.8175898642496943,0.6710360932317753,-0.17995608525802706
940,-0.7864896726193679,0.6177267382058055,-0.2088091004176556
941,-0.729573984503401,0.5919813458675267,-0.23646557111655575
942,-0.6940067918357615,0.5463102512159568,-0.26379174787504217
943,-0.6484828152966596,0.5140650793168025,-0.2900875210976539
944,-0.6007045637071546,0.47577014894189534,-0.31521003163965816
945,-0.556402074455738,0.44277056373516976,-0.3390703017051428
946,-0.5111594467651708,0.42182668593649403,-0.3613856908647385
947,-0.46663841645179127,0.39300338606522844,-0.38216512382176865
948,-0.4241503748757388,0.3696254239294929,-0.4013527167942286
949,-0.361540766536478,0.3464601337218049,-0.41798762903693604
950,-0.31746653785541207,0.33438353754774663,-0.43273117882282125
951,-0.27357409255205806,0.3257450465088834,-0.44552950665182717
952,-0.2225070424539311,0.3239675762793718,-0.4559893058075781
953,-0.1706308790322702,0.31186077728736533,-0.46406997962241237
954,-0.1343103399559672,0.28766181076059405,-0.47049021171074823
955,-0.08493541571338095,0.26902721599669593,-0.4745793051678596
956,-0.014420918632085028,0.2821106994160929,-0.4752718241460264
957,0.0386110258304909,0.28777018949043615,-0.47342111875993936
958,0.08112824343522539,0.2716896837949026,-0.4695177856479332
959,0.12308570890253721,0.2678638101682653,-0.4635979454892079
960,0.16658172742181565,0.27232112952982257,-0.4556128430666701
961,0.22221828910710775,0.2608187499177481,-0.44496584296190544
962,0.27291971622656325,0.26111101501306344,-0.43194545807868817
963,0.31203105838103773,0.2953290533759622,-0.41726038518413555
964,0.3570063372419425,0.285375790697439,-0.400493541513045
965,0.4245676082113542,0.31385893201997267,-0.3809033466860208
966,0.4770920645190587,0.3221597769526554,-0.35912465065134375
967,0.523460271530253,0.34046656752224536,-0.3355653298054666
968,0.5555605166800924,0.3919040033505699,-0.3111937050752935
969,0.6064466235865211,0.4208123800042307,-0.28518234079080435
970,0.6530643242516556,0.4601678098360526,-0.25796149832922655
971,0.6939467378799551,0.4936294662028634,-0.2298003562886201
972,0.7345457616307315,0.528299541745372,-0.20085676241016867
973,0.774032931321063,0.5680277665677241,-0.1713941364265269
974,0.8158884840575826,0.6067500132094378,-0.14147758865162527
975,0.8564498216976436,0.6544272504380525,-0.11150617474977216
976,0.9087388713895747,0.6744730018853654,-0.08070487728755377
977,0.9412530161237493,0.7048521338637249,-0.04992060815728491
978,0.9930827653401662,0.7393103449314757,-0.018969884072592588
979,1.0614069211343613,0.7598392770640368,0.012675578282667996
980,1.0998866466184432,0.8140519663147051,0.04326708990691455
981,1.137070087042835,0.8580608231926304,0.07293499633293699
982,1.1762175344648298,0.9086423515908781,0.10131367775764819
983,1.2078541938786271,0.9603563245830011,0.128107971583692
984,1.2350028636208692,1.005125757226379,0.15341032137371693
985,1.2731396671397206,1.050384131729765,0.1771789441260482
986,1.268597671113365,1.1041210174487304,0.19865550600185478
987,1.2930410130146779,1.1584142468829723,0.21792709610824879
988,1.309195470988406,1.2063108267341225,0.2351441249183159
989,1.3364941676414201,1.265850813489659,0.24974600441199069
990,1.3555767506524545,1.3067558664047814,0.26249410936138046
991,1.3548297241664542,1.3458857752918743,0.27338602779627613
992,1.3746046172588609,1.3884570888284467,0.28227862239653817
993,1.3888019977607517,1.447029142259648,0.28834925258683825
994,1.4001363527481205,1.503454334758362,0.2916649305881434
995,1.4078201334390528,1.5463131636218643,0.2928727464466583
996,1.416587082600948,1.6036546963739429,0.29124961610200273
997,1.422027498213684,1.6649504950297982,0.2866007833330814
998,1.4280282447476431,1.7179126927285144,0.27934603917395173
999,1.41188018517804,1.767138776949156,0.2697147793470256
